date,location,revenue,promo
2024-01-01,old-town,1078.72,0
2024-01-02,old-town,1410.38,0
2024-01-03,old-town,1643.63,0
2024-01-04,old-town,1697.37,0
2024-01-05,old-town,1501.25,0
2024-01-06,old-town,2047.17,0
2024-01-07,old-town,2314.92,0
2024-01-08,old-town,1416.45,0
2024-01-09,old-town,1708.81,0
2024-01-10,old-town,1627.16,0
2024-01-11,old-town,1877.52,0
2024-01-12,old-town,2037.93,0
2024-01-13,old-town,2498.76,0
2024-01-14,old-town,2737.41,0
2024-01-15,old-town,1346.27,0
2024-01-16,old-town,1746.84,0
2024-01-17,old-town,1935.16,0
2024-01-18,old-town,2087.57,1
2024-01-19,old-town,2612.31,1
2024-01-20,old-town,3141.9,1
2024-01-21,old-town,2658.95,0
2024-01-22,old-town,1609.97,0
2024-01-23,old-town,2176.8,0
2024-01-24,old-town,1978.46,0
2024-01-25,old-town,1952.71,0
2024-01-26,old-town,2136.22,0
2024-01-27,old-town,2936.89,0
2024-01-28,old-town,2919.53,0
2024-01-29,old-town,1837.46,0
2024-01-30,old-town,2152.51,0
2024-01-31,old-town,2461.51,0
2024-02-01,old-town,2044.72,0
2024-02-02,old-town,2202.62,0
2024-02-03,old-town,2765.73,0
2024-02-04,old-town,3094.02,0
2024-02-05,old-town,2013.29,0
2024-02-06,old-town,2142.36,0
2024-02-07,old-town,2037.63,0
2024-02-08,old-town,2048.53,0
2024-02-09,old-town,2481.08,0
2024-02-10,old-town,3204.57,0
2024-02-11,old-town,3168.36,0
2024-02-12,old-town,1809.67,0
2024-02-13,old-town,2258.31,0
2024-02-14,old-town,2245.96,0
2024-02-15,old-town,2270.08,0
2024-02-16,old-town,2582.15,0
2024-02-17,old-town,3151.6,0
2024-02-18,old-town,3269.64,0
2024-02-19,old-town,1599.94,0
2024-02-20,old-town,2312.25,0
2024-02-21,old-town,2377.7,0
2024-02-22,old-town,2404.03,1
2024-02-23,old-town,2833.28,1
2024-02-24,old-town,3586.46,1
2024-02-25,old-town,3006.62,0
2024-02-26,old-town,1928.79,0
2024-02-27,old-town,2565.29,0
2024-02-28,old-town,2152.26,0
2024-02-29,old-town,2473.13,0
2024-03-01,old-town,2192.26,0
2024-03-02,old-town,3103.05,0
2024-03-03,old-town,3224.76,0
2024-03-04,old-town,2076.7,0
2024-03-05,old-town,2879.1,1
2024-03-06,old-town,2899.52,1
2024-03-07,old-town,2663.73,1
2024-03-08,old-town,2419.14,0
2024-03-09,old-town,3415.26,0
2024-03-10,old-town,3158.78,0
2024-03-11,old-town,1815.77,0
2024-03-12,old-town,2135.1,0
2024-03-13,old-town,2170.56,0
2024-03-14,old-town,2414.79,0
2024-03-15,old-town,2540.32,0
2024-03-16,old-town,3383.07,0
2024-03-17,old-town,3111.69,0
2024-03-18,old-town,2026.6,0
2024-03-19,old-town,2440.8,0
2024-03-20,old-town,2275.66,0
2024-03-21,old-town,2410.3,0
2024-03-22,old-town,2393.58,0
2024-03-23,old-town,3127.6,0
2024-03-24,old-town,3122.89,0
2024-03-25,old-town,1830.62,0
2024-03-26,old-town,2414.54,0
2024-03-27,old-town,2246.93,0
2024-03-28,old-town,2329.05,0
2024-03-29,old-town,2604.55,0
2024-03-30,old-town,3318.47,0
2024-03-31,old-town,3372.24,0
2024-04-01,old-town,1983.79,0
2024-04-02,old-town,2250.33,0
2024-04-03,old-town,2308.1,0
2024-04-04,old-town,2045.03,0
2024-04-05,old-town,2247.73,0
2024-04-06,old-town,2897.62,0
2024-04-07,old-town,2967.71,0
2024-04-08,old-town,2052.66,0
2024-04-09,old-town,2163.06,0
2024-04-10,old-town,2249.06,0
2024-04-11,old-town,2549.11,0
2024-04-12,old-town,2430.16,0
2024-04-13,old-town,3368.65,0
2024-04-14,old-town,2970.02,0
2024-04-15,old-town,1953.56,0
2024-04-16,old-town,2146.86,0
2024-04-17,old-town,2246.09,0
2024-04-18,old-town,2452.23,0
2024-04-19,old-town,2183.08,0
2024-04-20,old-town,3278.34,0
2024-04-21,old-town,3228.21,0
2024-04-22,old-town,1888.85,0
2024-04-23,old-town,2059.03,0
2024-04-24,old-town,2305.83,0
2024-04-25,old-town,2202.64,0
2024-04-26,old-town,2517.13,0
2024-04-27,old-town,3163.79,0
2024-04-28,old-town,3559.46,0
2024-04-29,old-town,1930.86,0
2024-04-30,old-town,2115.58,0
2024-05-01,old-town,2313.82,0
2024-05-02,old-town,2319.42,0
2024-05-03,old-town,2726.69,0
2024-05-04,old-town,3347.74,0
2024-05-05,old-town,3227.82,0
2024-05-06,old-town,2184.27,0
2024-05-07,old-town,2080.5,0
2024-05-08,old-town,2166.7,0
2024-05-09,old-town,2119.38,0
2024-05-10,old-town,2810.31,1
2024-05-11,old-town,3332.95,1
2024-05-12,old-town,3873.7,1
2024-05-13,old-town,1917.39,0
2024-05-14,old-town,2029.19,0
2024-05-15,old-town,2098.63,0
2024-05-16,old-town,2317.49,0
2024-05-17,old-town,2602.12,0
2024-05-18,old-town,3625.12,0
2024-05-19,old-town,3881.53,0
2024-05-20,old-town,2004.58,0
2024-05-21,old-town,2097.07,0
2024-05-22,old-town,1924.08,0
2024-05-23,old-town,2302.58,0
2024-05-24,old-town,2292.29,0
2024-05-25,old-town,3016.54,0
2024-05-26,old-town,2971.24,0
2024-05-27,old-town,1572.39,0
2024-05-28,old-town,2440.02,0
2024-05-29,old-town,2278.38,0
2024-05-30,old-town,2224.23,0
2024-05-31,old-town,2248.39,0
2024-06-01,old-town,2737.43,0
2024-06-02,old-town,2991.4,0
2024-06-03,old-town,1924.86,0
2024-06-04,old-town,2564.75,0
2024-06-05,old-town,2267.26,0
2024-06-06,old-town,2415.76,0
2024-06-07,old-town,2333.32,0
2024-06-08,old-town,2830.43,0
2024-06-09,old-town,2875.74,0
2024-06-10,old-town,1823.47,0
2024-06-11,old-town,2624.5,0
2024-06-12,old-town,2102.01,0
2024-06-13,old-town,2378.73,0
2024-06-14,old-town,2252.51,0
2024-06-15,old-town,3299.65,0
2024-06-16,old-town,3163.92,0
2024-06-17,old-town,1891.2,0
2024-06-18,old-town,2215.72,0
2024-06-19,old-town,1733.01,0
2024-06-20,old-town,2292.39,0
2024-06-21,old-town,2310.88,0
2024-06-22,old-town,2783.03,0
2024-06-23,old-town,2768.05,0
2024-06-24,old-town,1920.34,0
2024-06-25,old-town,2477.47,0
2024-06-26,old-town,2223.75,0
2024-06-27,old-town,2174.19,0
2024-06-28,old-town,2416.44,0
2024-06-29,old-town,3327.65,0
2024-06-30,old-town,3062.13,0
2024-07-01,old-town,1817.2,0
2024-07-02,old-town,2363.9,0
2024-07-03,old-town,2243.31,0
2024-07-04,old-town,1995.81,0
2024-07-05,old-town,2371.77,0
2024-07-06,old-town,3213.68,1
2024-07-07,old-town,3175.55,1
2024-07-08,old-town,2479.33,1
2024-07-09,old-town,2454.43,0
2024-07-10,old-town,2126.48,0
2024-07-11,old-town,2093.21,0
2024-07-12,old-town,2595.34,0
2024-07-13,old-town,2734.99,0
2024-07-14,old-town,2779.32,0
2024-07-15,old-town,1944.57,0
2024-07-16,old-town,2093.11,0
2024-07-17,old-town,2157.05,0
2024-07-18,old-town,2134.0,0
2024-07-19,old-town,2396.28,0
2024-07-20,old-town,3323.15,0
2024-07-21,old-town,3016.26,0
2024-07-22,old-town,1963.49,0
2024-07-23,old-town,1869.79,0
2024-07-24,old-town,2178.18,0
2024-07-25,old-town,2057.84,0
2024-07-26,old-town,2167.12,0
2024-07-27,old-town,2849.65,0
2024-07-28,old-town,2978.08,0
2024-07-29,old-town,2045.31,0
2024-07-30,old-town,2017.27,0
2024-07-31,old-town,2241.56,0
2024-08-01,old-town,2164.73,0
2024-08-02,old-town,2374.53,0
2024-08-03,old-town,3365.43,0
2024-08-04,old-town,3262.83,0
2024-08-05,old-town,2167.42,0
2024-08-06,old-town,2262.28,0
2024-08-07,old-town,2180.72,0
2024-08-08,old-town,2268.06,0
2024-08-09,old-town,2546.43,0
2024-08-10,old-town,3249.98,0
2024-08-11,old-town,2967.73,0
2024-08-12,old-town,2027.22,0
2024-08-13,old-town,2820.5,1
2024-08-14,old-town,3360.59,1
2024-08-15,old-town,3213.93,1
2024-08-16,old-town,2404.94,0
2024-08-17,old-town,3216.66,0
2024-08-18,old-town,2954.44,0
2024-08-19,old-town,1971.79,0
2024-08-20,old-town,2461.41,0
2024-08-21,old-town,2639.05,0
2024-08-22,old-town,2289.04,0
2024-08-23,old-town,2492.95,0
2024-08-24,old-town,2855.61,0
2024-08-25,old-town,3322.57,0
2024-08-26,old-town,1940.39,0
2024-08-27,old-town,2354.11,0
2024-08-28,old-town,2299.11,0
2024-08-29,old-town,2443.86,0
2024-08-30,old-town,2335.18,0
2024-08-31,old-town,3056.51,0
2024-09-01,old-town,4011.69,0
2024-09-02,old-town,1590.08,0
2024-09-03,old-town,2292.16,0
2024-09-04,old-town,2862.31,0
2024-09-05,old-town,3107.5,0
2024-09-06,old-town,2477.08,0
2024-09-07,old-town,3368.54,0
2024-09-08,old-town,3559.84,0
2024-09-09,old-town,2466.57,0
2024-09-10,old-town,2344.21,0
2024-09-11,old-town,2483.12,0
2024-09-12,old-town,2686.24,0
2024-09-13,old-town,2832.98,0
2024-09-14,old-town,3412.82,0
2024-09-15,old-town,3482.0,0
2024-09-16,old-town,1980.8,0
2024-09-17,old-town,2512.94,0
2024-09-18,old-town,2512.3,0
2024-09-19,old-town,3083.16,1
2024-09-20,old-town,3144.63,1
2024-09-21,old-town,4347.79,1
2024-09-22,old-town,3844.2,0
2024-09-23,old-town,2250.56,0
2024-09-24,old-town,2660.55,0
2024-09-25,old-town,2606.3,0
2024-09-26,old-town,2600.59,0
2024-09-27,old-town,2665.4,0
2024-09-28,old-town,3688.05,0
2024-09-29,old-town,3581.64,0
2024-09-30,old-town,2635.16,0
2024-10-01,old-town,2952.1,0
2024-10-02,old-town,2705.2,0
2024-10-03,old-town,2486.12,0
2024-10-04,old-town,2620.02,0
2024-10-05,old-town,3985.88,0
2024-10-06,old-town,3724.02,0
2024-10-07,old-town,2362.84,0
2024-10-08,old-town,2329.1,0
2024-10-09,old-town,3363.67,1
2024-10-10,old-town,3251.7,1
2024-10-11,old-town,3127.96,1
2024-10-12,old-town,3559.07,0
2024-10-13,old-town,3766.77,0
2024-10-14,old-town,1897.58,0
2024-10-15,old-town,2626.23,0
2024-10-16,old-town,2667.73,0
2024-10-17,old-town,2642.18,0
2024-10-18,old-town,2945.85,0
2024-10-19,old-town,4161.68,0
2024-10-20,old-town,3078.73,0
2024-10-21,old-town,2288.25,0
2024-10-22,old-town,2748.45,0
2024-10-23,old-town,2777.09,0
2024-10-24,old-town,2645.07,0
2024-10-25,old-town,2578.39,0
2024-10-26,old-town,3857.38,0
2024-10-27,old-town,4289.92,0
2024-10-28,old-town,2096.1,0
2024-10-29,old-town,2921.26,0
2024-10-30,old-town,2674.75,0
2024-10-31,old-town,2732.29,0
2024-11-01,old-town,2742.74,0
2024-11-02,old-town,3703.09,0
2024-11-03,old-town,4190.99,0
2024-11-04,old-town,2477.84,0
2024-11-05,old-town,3144.24,0
2024-11-06,old-town,3019.43,0
2024-11-07,old-town,2859.9,0
2024-11-08,old-town,3409.9,0
2024-11-09,old-town,3955.0,0
2024-11-10,old-town,4076.25,0
2024-11-11,old-town,1916.46,0
2024-11-12,old-town,2795.37,0
2024-11-13,old-town,2642.22,0
2024-11-14,old-town,3001.38,0
2024-11-15,old-town,2757.56,0
2024-11-16,old-town,4820.67,1
2024-11-17,old-town,4485.24,1
2024-11-18,old-town,3098.32,1
2024-11-19,old-town,2960.76,0
2024-11-20,old-town,3210.6,0
2024-11-21,old-town,2960.84,0
2024-11-22,old-town,2692.46,0
2024-11-23,old-town,3854.2,0
2024-11-24,old-town,3550.06,0
2024-11-25,old-town,2325.05,0
2024-11-26,old-town,3150.01,0
2024-11-27,old-town,4870.78,0
2024-11-28,old-town,0.0,0
2024-11-29,old-town,2819.96,0
2024-11-30,old-town,3899.53,0
2024-12-01,old-town,3552.5,0
2024-12-02,old-town,2307.4,0
2024-12-03,old-town,2889.62,0
2024-12-04,old-town,3079.57,0
2024-12-05,old-town,2957.05,0
2024-12-06,old-town,2570.28,0
2024-12-07,old-town,3991.42,0
2024-12-08,old-town,3923.69,0
2024-12-09,old-town,2509.42,0
2024-12-10,old-town,3194.1,0
2024-12-11,old-town,2424.38,0
2024-12-12,old-town,2707.94,0
2024-12-13,old-town,3196.25,0
2024-12-14,old-town,3470.55,0
2024-12-15,old-town,4365.58,0
2024-12-16,old-town,2503.95,0
2024-12-17,old-town,3018.11,0
2024-12-18,old-town,2713.82,0
2024-12-19,old-town,3010.86,0
2024-12-20,old-town,3314.4,0
2024-12-21,old-town,3977.65,0
2024-12-22,old-town,3977.84,0
2024-12-23,old-town,2485.41,0
2024-12-24,old-town,4379.3,0
2024-12-25,old-town,0.0,0
2024-12-26,old-town,2798.57,0
2024-12-27,old-town,3145.78,0
2024-12-28,old-town,4208.86,0
2024-12-29,old-town,3605.87,0
2024-12-30,old-town,2409.43,0
2024-12-31,old-town,3159.44,0
2025-01-01,old-town,2192.55,0
2025-01-02,old-town,2657.22,0
2025-01-03,old-town,3097.89,0
2025-01-04,old-town,4152.08,0
2025-01-05,old-town,3899.01,0
2025-01-06,old-town,2681.0,0
2025-01-07,old-town,3007.57,0
2025-01-08,old-town,3002.72,0
2025-01-09,old-town,2937.1,0
2025-01-10,old-town,3621.38,0
2025-01-11,old-town,3824.58,0
2025-01-12,old-town,3340.03,0
2025-01-13,old-town,2726.55,0
2025-01-14,old-town,2714.4,0
2025-01-15,old-town,3339.56,1
2025-01-16,old-town,3651.99,1
2025-01-17,old-town,3168.1,1
2025-01-18,old-town,3519.43,0
2025-01-19,old-town,3425.73,0
2025-01-20,old-town,1858.38,0
2025-01-21,old-town,2888.4,0
2025-01-22,old-town,2904.36,0
2025-01-23,old-town,2848.42,0
2025-01-24,old-town,2707.89,0
2025-01-25,old-town,3231.96,0
2025-01-26,old-town,3855.5,0
2025-01-27,old-town,2307.56,0
2025-01-28,old-town,2874.52,0
2025-01-29,old-town,2924.4,0
2025-01-30,old-town,2800.51,0
2025-01-31,old-town,3165.7,0
2025-02-01,old-town,3883.07,0
2025-02-02,old-town,3967.43,0
2025-02-03,old-town,2251.32,0
2025-02-04,old-town,2719.93,0
2025-02-05,old-town,2794.65,0
2025-02-06,old-town,2925.13,0
2025-02-07,old-town,2880.78,0
2025-02-08,old-town,3937.76,0
2025-02-09,old-town,3707.59,0
2025-02-10,old-town,2333.51,0
2025-02-11,old-town,3433.22,1
2025-02-12,old-town,2774.71,1
2025-02-13,old-town,2919.8,1
2025-02-14,old-town,2631.99,0
2025-02-15,old-town,3150.92,0
2025-02-16,old-town,3562.71,0
2025-02-17,old-town,2023.65,0
2025-02-18,old-town,2651.82,0
2025-02-19,old-town,2745.81,0
2025-02-20,old-town,2931.6,0
2025-02-21,old-town,3218.75,0
2025-02-22,old-town,3698.55,0
2025-02-23,old-town,4109.16,0
2025-02-24,old-town,2326.26,0
2025-02-25,old-town,2519.15,0
2025-02-26,old-town,2561.73,0
2025-02-27,old-town,2393.47,0
2025-02-28,old-town,2698.37,0
2025-03-01,old-town,3582.4,0
2025-03-02,old-town,3902.6,0
2025-03-03,old-town,2601.29,0
2025-03-04,old-town,2393.08,0
2025-03-05,old-town,2729.64,0
2025-03-06,old-town,2447.63,0
2025-03-07,old-town,2956.99,0
2025-03-08,old-town,3604.91,0
2025-03-09,old-town,3168.45,0
2025-03-10,old-town,2424.68,0
2025-03-11,old-town,2509.14,0
2025-03-12,old-town,2518.56,0
2025-03-13,old-town,2415.49,0
2025-03-14,old-town,2687.0,0
2025-03-15,old-town,3717.71,0
2025-03-16,old-town,3543.85,0
2025-03-17,old-town,2292.26,0
2025-03-18,old-town,2667.77,0
2025-03-19,old-town,2862.03,0
2025-03-20,old-town,2522.26,0
2025-03-21,old-town,2497.88,0
2025-03-22,old-town,3856.46,0
2025-03-23,old-town,3466.77,0
2025-03-24,old-town,2836.77,1
2025-03-25,old-town,3117.49,1
2025-03-26,old-town,2994.63,1
2025-03-27,old-town,2626.58,0
2025-03-28,old-town,3193.75,0
2025-03-29,old-town,4112.99,0
2025-03-30,old-town,3532.38,0
2025-03-31,old-town,2212.82,0
2025-04-01,old-town,2751.63,0
2025-04-02,old-town,2378.46,0
2025-04-03,old-town,2594.17,0
2025-04-04,old-town,2722.97,0
2025-04-05,old-town,3563.52,0
2025-04-06,old-town,3264.58,0
2025-04-07,old-town,1919.27,0
2025-04-08,old-town,2148.89,0
2025-04-09,old-town,2304.99,0
2025-04-10,old-town,2417.99,0
2025-04-11,old-town,2640.01,0
2025-04-12,old-town,3981.53,0
2025-04-13,old-town,3735.25,0
2025-04-14,old-town,1990.34,0
2025-04-15,old-town,2549.44,0
2025-04-16,old-town,2405.58,0
2025-04-17,old-town,2424.28,0
2025-04-18,old-town,2708.18,0
2025-04-19,old-town,3569.78,0
2025-04-20,old-town,3317.47,0
2025-04-21,old-town,2293.61,0
2025-04-22,old-town,2663.5,1
2025-04-23,old-town,2899.06,1
2025-04-24,old-town,3516.2,1
2025-04-25,old-town,2689.61,0
2025-04-26,old-town,3758.26,0
2025-04-27,old-town,3394.05,0
2025-04-28,old-town,2191.37,0
2025-04-29,old-town,2426.06,0
2025-04-30,old-town,2402.47,0
2025-05-01,old-town,2292.38,0
2025-05-02,old-town,2707.64,0
2025-05-03,old-town,3138.91,0
2025-05-04,old-town,3513.09,0
2025-05-05,old-town,2256.74,0
2025-05-06,old-town,2483.62,0
2025-05-07,old-town,2362.36,0
2025-05-08,old-town,2494.53,0
2025-05-09,old-town,2541.64,0
2025-05-10,old-town,3561.62,0
2025-05-11,old-town,2891.24,0
2025-05-12,old-town,2013.71,0
2025-05-13,old-town,2066.18,0
2025-05-14,old-town,2142.44,0
2025-05-15,old-town,2652.36,0
2025-05-16,old-town,3260.52,1
2025-05-17,old-town,3687.84,1
2025-05-18,old-town,3474.57,1
2025-05-19,old-town,1643.08,0
2025-05-20,old-town,2289.14,0
2025-05-21,old-town,2856.76,0
2025-05-22,old-town,2459.64,0
2025-05-23,old-town,2463.67,0
2025-05-24,old-town,3397.04,0
2025-05-25,old-town,2916.1,0
2025-05-26,old-town,1637.17,0
2025-05-27,old-town,2390.09,0
2025-05-28,old-town,2355.48,0
2025-05-29,old-town,2513.95,0
2025-05-30,old-town,2624.02,0
2025-05-31,old-town,3433.08,0
2025-06-01,old-town,3098.94,0
2025-06-02,old-town,2173.78,0
2025-06-03,old-town,2668.37,0
2025-06-04,old-town,2194.32,0
2025-06-05,old-town,2206.43,0
2025-06-06,old-town,3319.83,1
2025-06-07,old-town,3780.21,1
2025-06-08,old-town,4257.44,1
2025-06-09,old-town,1956.17,0
2025-06-10,old-town,2620.37,0
2025-06-11,old-town,2370.71,0
2025-06-12,old-town,2391.19,0
2025-06-13,old-town,2845.64,0
2025-06-14,old-town,3143.76,0
2025-06-15,old-town,3006.89,0
2025-06-16,old-town,1942.2,0
2025-06-17,old-town,2413.37,0
2025-06-18,old-town,2071.81,0
2025-06-19,old-town,2001.5,0
2025-06-20,old-town,2410.21,0
2025-06-21,old-town,3489.95,0
2025-06-22,old-town,2671.74,0
2025-06-23,old-town,1875.42,0
2025-06-24,old-town,2035.1,0
2025-06-25,old-town,2167.11,0
2025-06-26,old-town,2344.85,0
2025-06-27,old-town,2448.36,0
2025-06-28,old-town,3105.59,0
2025-06-29,old-town,3122.02,0
2025-06-30,old-town,1995.66,0
2025-07-01,old-town,2115.14,0
2025-07-02,old-town,2401.32,0
2025-07-03,old-town,2389.27,0
2025-07-04,old-town,2068.9,0
2025-07-05,old-town,3260.45,0
2025-07-06,old-town,3192.68,0
2025-07-07,old-town,2263.62,0
2025-07-08,old-town,2241.99,0
2025-07-09,old-town,2202.84,0
2025-07-10,old-town,2128.26,0
2025-07-11,old-town,2249.21,0
2025-07-12,old-town,2826.95,0
2025-07-13,old-town,2902.26,0
2025-07-14,old-town,2268.9,1
2025-07-15,old-town,2719.79,1
2025-07-16,old-town,2663.45,1
2025-07-17,old-town,2124.22,0
2025-07-18,old-town,2601.52,0
2025-07-19,old-town,3287.78,0
2025-07-20,old-town,3077.4,0
2025-07-21,old-town,1851.02,0
2025-07-22,old-town,2359.53,0
2025-07-23,old-town,2301.28,0
2025-07-24,old-town,2040.15,0
2025-07-25,old-town,2449.75,0
2025-07-26,old-town,3217.33,0
2025-07-27,old-town,2957.39,0
2025-07-28,old-town,2006.07,0
2025-07-29,old-town,2068.59,0
2025-07-30,old-town,2558.85,0
2025-07-31,old-town,2550.85,0
2025-08-01,old-town,2470.56,0
2025-08-02,old-town,3318.28,0
2025-08-03,old-town,2705.24,0
2025-08-04,old-town,1859.12,0
2025-08-05,old-town,2315.1,0
2025-08-06,old-town,2192.25,0
2025-08-07,old-town,2516.26,0
2025-08-08,old-town,3003.56,0
2025-08-09,old-town,3036.47,0
2025-08-10,old-town,3126.5,0
2025-08-11,old-town,2119.56,0
2025-08-12,old-town,2742.55,0
2025-08-13,old-town,2225.52,0
2025-08-14,old-town,2494.0,0
2025-08-15,old-town,3041.15,0
2025-08-16,old-town,3004.96,0
2025-08-17,old-town,3099.9,0
2025-08-18,old-town,2066.78,0
2025-08-19,old-town,2393.3,0
2025-08-20,old-town,2653.05,0
2025-08-21,old-town,2549.39,0
2025-08-22,old-town,2373.7,0
2025-08-23,old-town,3611.6,0
2025-08-24,old-town,3336.43,0
2025-08-25,old-town,2395.38,0
2025-08-26,old-town,2421.26,0
2025-08-27,old-town,2425.71,0
2025-08-28,old-town,2656.21,0
2025-08-29,old-town,2923.8,0
2025-08-30,old-town,3657.31,0
2025-08-31,old-town,3123.59,0
2025-09-01,old-town,1890.11,0
2025-09-02,old-town,2387.32,0
2025-09-03,old-town,2631.47,0
2025-09-04,old-town,2328.53,0
2025-09-05,old-town,2899.49,0
2025-09-06,old-town,3379.55,0
2025-09-07,old-town,3267.63,0
2025-09-08,old-town,2370.02,0
2025-09-09,old-town,2665.22,0
2025-09-10,old-town,2504.47,0
2025-09-11,old-town,2929.72,0
2025-09-12,old-town,2750.85,0
2025-09-13,old-town,4305.6,1
2025-09-14,old-town,4391.08,1
2025-09-15,old-town,2564.88,1
2025-09-16,old-town,2748.09,0
2025-09-17,old-town,2553.41,0
2025-09-18,old-town,2581.63,0
2025-09-19,old-town,3190.88,0
2025-09-20,old-town,3411.03,0
2025-09-21,old-town,3083.07,0
2025-09-22,old-town,2602.87,0
2025-09-23,old-town,3253.16,0
2025-09-24,old-town,2611.26,0
2025-09-25,old-town,2332.07,0
2025-09-26,old-town,2850.45,0
2025-09-27,old-town,3655.35,0
2025-09-28,old-town,3688.34,0
2025-09-29,old-town,2148.49,0
2025-09-30,old-town,2841.42,0
2025-10-01,old-town,2834.62,0
2025-10-02,old-town,2440.52,0
2025-10-03,old-town,3112.44,0
2025-10-04,old-town,4409.41,0
2025-10-05,old-town,3835.79,0
2025-10-06,old-town,2304.7,0
2025-10-07,old-town,2723.96,0
2025-10-08,old-town,2887.91,0
2025-10-09,old-town,2425.96,0
2025-10-10,old-town,3025.09,0
2025-10-11,old-town,3713.82,0
2025-10-12,old-town,4399.67,0
2025-10-13,old-town,1935.0,0
2025-10-14,old-town,3723.32,1
2025-10-15,old-town,3029.19,1
2025-10-16,old-town,3444.08,1
2025-10-17,old-town,3094.21,0
2025-10-18,old-town,3622.0,0
2025-10-19,old-town,3923.55,0
2025-10-20,old-town,2646.39,0
2025-10-21,old-town,2746.28,0
2025-10-22,old-town,2482.01,0
2025-10-23,old-town,2818.11,0
2025-10-24,old-town,2852.11,0
2025-10-25,old-town,3805.96,0
2025-10-26,old-town,3886.41,0
2025-10-27,old-town,2147.09,0
2025-10-28,old-town,2516.85,0
2025-10-29,old-town,2949.51,0
2025-10-30,old-town,2738.92,0
2025-10-31,old-town,2541.19,0
2025-11-01,old-town,4179.59,0
2025-11-02,old-town,4026.9,0
2025-11-03,old-town,2333.39,0
2025-11-04,old-town,2596.33,0
2025-11-05,old-town,3054.76,0
2025-11-06,old-town,2948.65,0
2025-11-07,old-town,3713.28,0
2025-11-08,old-town,4099.82,0
2025-11-09,old-town,4094.2,0
2025-11-10,old-town,2450.06,0
2025-11-11,old-town,2517.53,0
2025-11-12,old-town,3029.35,0
2025-11-13,old-town,3178.22,0
2025-11-14,old-town,3007.93,0
2025-11-15,old-town,3871.89,0
2025-11-16,old-town,3862.69,0
2025-11-17,old-town,2650.05,0
2025-11-18,old-town,3252.16,0
2025-11-19,old-town,2810.48,0
2025-11-20,old-town,2819.93,0
2025-11-21,old-town,3221.56,0
2025-11-22,old-town,3950.15,0
2025-11-23,old-town,4324.58,0
2025-11-24,old-town,2502.62,1
2025-11-25,old-town,3240.47,1
2025-11-26,old-town,5368.05,1
2025-11-27,old-town,0.0,0
2025-11-28,old-town,2941.05,0
2025-11-29,old-town,3773.87,0
2025-11-30,old-town,3983.66,0
2025-12-01,old-town,2741.13,0
2025-12-02,old-town,2880.13,0
2025-12-03,old-town,2716.58,0
2025-12-04,old-town,3449.98,1
2025-12-05,old-town,4049.95,1
2025-12-06,old-town,4447.45,1
2025-12-07,old-town,3788.92,0
2025-12-08,old-town,2637.14,0
2025-12-09,old-town,2893.08,0
2025-12-10,old-town,3088.79,0
2025-12-11,old-town,2940.12,0
2025-12-12,old-town,3351.09,0
2025-12-13,old-town,3759.76,0
2025-12-14,old-town,4060.29,0
2025-12-15,old-town,2493.28,0
2025-12-16,old-town,2688.96,0
2025-12-17,old-town,2620.01,0
2025-12-18,old-town,3101.66,0
2025-12-19,old-town,3099.33,0
2025-12-20,old-town,3765.85,0
2025-12-21,old-town,4036.66,0
2025-12-22,old-town,2757.39,0
2025-12-23,old-town,2482.79,0
2025-12-24,old-town,4344.33,0
2025-12-25,old-town,0.0,0
2025-12-26,old-town,3548.86,0
2025-12-27,old-town,4150.3,0
2025-12-28,old-town,4303.1,0
2025-12-29,old-town,2323.65,0
2025-12-30,old-town,2705.42,0
2025-12-31,old-town,3042.04,0
2026-01-01,old-town,2421.65,0
2026-01-02,old-town,3307.88,0
2026-01-03,old-town,3998.16,0
2026-01-04,old-town,4138.69,0
2026-01-05,old-town,2555.01,0
2026-01-06,old-town,3110.89,0
2026-01-07,old-town,3116.26,0
2026-01-08,old-town,2596.4,0
2026-01-09,old-town,2673.83,0
2026-01-10,old-town,4356.93,0
2026-01-11,old-town,4415.61,0
2026-01-12,old-town,2330.35,0
2026-01-13,old-town,2542.85,0
2026-01-14,old-town,2943.37,0
2026-01-15,old-town,3130.75,0
2026-01-16,old-town,3605.82,0
2026-01-17,old-town,4182.29,0
2026-01-18,old-town,3909.93,0
2026-01-19,old-town,1919.94,0
2026-01-20,old-town,2911.37,0
2026-01-21,old-town,2842.0,0
2026-01-22,old-town,3175.62,1
2026-01-23,old-town,4311.98,1
2026-01-24,old-town,5397.15,1
2026-01-25,old-town,4352.59,0
2026-01-26,old-town,2322.57,0
2026-01-27,old-town,3082.5,0
2026-01-28,old-town,3030.17,0
2026-01-29,old-town,2982.77,0
2026-01-30,old-town,3418.96,0
2026-01-31,old-town,4167.66,0
2026-02-01,old-town,4196.09,0
2026-02-02,old-town,2592.03,0
2026-02-03,old-town,2944.57,0
2026-02-04,old-town,2508.09,0
2026-02-05,old-town,2881.85,0
2026-02-06,old-town,2963.17,0
2026-02-07,old-town,3582.06,0
2026-02-08,old-town,5271.89,1
2026-02-09,old-town,3293.05,1
2026-02-10,old-town,3719.83,1
2026-02-11,old-town,2898.29,0
2026-02-12,old-town,3142.5,0
2026-02-13,old-town,3065.81,0
2026-02-14,old-town,3968.73,0
2026-02-15,old-town,3596.34,0
2026-02-16,old-town,2052.42,0
2026-02-17,old-town,2834.05,0
2026-02-18,old-town,2555.18,0
2026-02-19,old-town,2802.77,0
2026-02-20,old-town,3016.34,0
2026-02-21,old-town,4430.73,0
2026-02-22,old-town,4134.64,0
2026-02-23,old-town,2408.15,0
2026-02-24,old-town,2846.36,0
2026-02-25,old-town,2798.96,0
2026-02-26,old-town,2743.54,0
2026-02-27,old-town,2769.78,0
2026-02-28,old-town,3789.59,0
2026-03-01,old-town,3618.76,0
2026-03-02,old-town,2168.2,0
2026-03-03,old-town,2872.89,0
2026-03-04,old-town,2842.81,0
2026-03-05,old-town,2410.68,0
2026-03-06,old-town,2945.05,0
2026-03-07,old-town,4086.02,0
2026-03-08,old-town,4099.12,0
2026-03-09,old-town,2544.14,0
2026-03-10,old-town,2742.91,0
2026-03-11,old-town,2562.9,0
2026-03-12,old-town,2513.44,0
2026-03-13,old-town,3016.64,0
2026-03-14,old-town,3858.45,0
2026-03-15,old-town,4123.77,0
2026-03-16,old-town,2985.35,1
2026-03-17,old-town,3159.81,1
2026-03-18,old-town,2902.29,1
2026-03-19,old-town,2632.02,0
2026-03-20,old-town,2954.47,0
2026-03-21,old-town,3652.36,0
2026-03-22,old-town,3545.1,0
2026-03-23,old-town,2347.49,0
2026-03-24,old-town,2574.83,0
2026-03-25,old-town,2546.85,0
2026-03-26,old-town,2728.36,0
2026-03-27,old-town,2788.59,0
2026-03-28,old-town,3734.07,0
2026-03-29,old-town,3736.19,0
2026-03-30,old-town,2090.92,0
2026-03-31,old-town,2550.23,0
2026-04-01,old-town,2940.29,0
2026-04-02,old-town,2415.54,0
2026-04-03,old-town,2424.68,0
2026-04-04,old-town,3152.97,0
2026-04-05,old-town,3627.66,0
2026-04-06,old-town,2257.47,0
2026-04-07,old-town,2591.82,0
2026-04-08,old-town,2859.62,0
2026-04-09,old-town,2133.18,0
2026-04-10,old-town,2895.6,0
2026-04-11,old-town,4031.74,0
2026-04-12,old-town,3290.33,0
2026-04-13,old-town,2165.54,0
2026-04-14,old-town,2444.92,0
2026-04-15,old-town,2415.53,0
2026-04-16,old-town,2516.96,0
2026-04-17,old-town,3095.91,0
2026-04-18,old-town,4073.49,0
2026-04-19,old-town,3455.85,0
2026-04-20,old-town,2544.2,0
2026-04-21,old-town,3029.93,1
2026-04-22,old-town,3441.85,1
2026-04-23,old-town,2992.51,1
2026-04-24,old-town,2781.61,0
2026-04-25,old-town,3612.48,0
2026-04-26,old-town,4455.21,0
2026-04-27,old-town,2328.67,0
2026-04-28,old-town,2405.95,0
2026-04-29,old-town,2724.8,0
2026-04-30,old-town,2462.89,0
2026-05-01,old-town,2631.3,0
2026-05-02,old-town,3729.48,0
2026-05-03,old-town,3487.79,0
2026-05-04,old-town,2211.7,0
2026-05-05,old-town,2518.33,0
2026-05-06,old-town,2577.11,0
2026-05-07,old-town,2591.4,0
2026-05-08,old-town,2341.84,0
2026-05-09,old-town,3633.77,0
2026-05-10,old-town,3207.83,0
2026-05-11,old-town,1929.3,0
2026-05-12,old-town,2486.28,0
2026-05-13,old-town,2510.56,0
2026-05-14,old-town,2366.14,0
2026-05-15,old-town,2862.36,0
2026-05-16,old-town,3104.61,0
2026-05-17,old-town,3327.3,0
2026-05-18,old-town,2044.32,0
2026-05-19,old-town,2473.02,0
2026-05-20,old-town,2532.1,0
2026-05-21,old-town,2297.36,0
2026-05-22,old-town,2823.22,0
2026-05-23,old-town,3430.36,0
2026-05-24,old-town,3493.26,1
2026-05-25,old-town,1774.96,1
2026-05-26,old-town,2910.52,1
2026-05-27,old-town,2426.6,0
2026-05-28,old-town,2446.46,0
2026-05-29,old-town,2655.42,0
2026-05-30,old-town,3455.93,0
2026-05-31,old-town,3645.89,0
2026-06-01,old-town,1945.74,0
2026-06-02,old-town,2250.72,0
2026-06-03,old-town,2262.55,0
2026-06-04,old-town,2508.03,0
2026-06-05,old-town,2908.04,0
2026-06-06,old-town,3274.55,0
2026-06-07,old-town,2801.58,0
2026-06-08,old-town,1852.16,0
2026-06-09,old-town,2297.26,0
2026-06-10,old-town,2343.28,0
2026-06-11,old-town,2367.64,0
2026-06-12,old-town,2641.84,0
2026-06-13,old-town,3285.01,0
2026-06-14,old-town,3634.41,0
2026-06-15,old-town,1987.89,0
2026-06-16,old-town,2276.88,0
2026-06-17,old-town,2514.84,0
2026-06-18,old-town,2159.49,0
2026-06-19,old-town,2206.64,0
2026-06-20,old-town,3360.64,0
2026-06-21,old-town,3293.46,0
2026-06-22,old-town,2754.46,1
2026-06-23,old-town,2709.31,1
2026-06-24,old-town,3307.73,1
2026-06-25,old-town,2357.61,0
2026-06-26,old-town,2349.09,0
2026-06-27,old-town,3314.88,0
2026-06-28,old-town,3036.44,0
2026-06-29,old-town,1935.42,0
2026-06-30,old-town,2448.6,0
2026-07-01,old-town,2473.48,0
2026-07-02,old-town,2260.39,0
2026-07-03,old-town,2254.77,0
2026-07-04,old-town,2913.25,0
2026-07-05,old-town,3622.06,0
2026-07-06,old-town,2105.65,0
2026-07-07,old-town,2602.86,0
2026-07-08,old-town,2038.13,0
2026-07-09,old-town,2289.03,0
2026-07-10,old-town,2370.14,0
2026-07-11,old-town,3258.47,0
2026-07-12,old-town,3092.16,0
2026-07-13,old-town,1985.71,0
2026-07-14,old-town,2691.94,0
2026-07-15,old-town,2308.12,0
2026-07-16,old-town,2412.11,0
2026-07-17,old-town,2483.22,0
2026-07-18,old-town,3249.75,0
2026-07-19,old-town,3236.2,0
2026-07-20,old-town,2087.51,0
2026-07-21,old-town,2565.42,0
2026-07-22,old-town,2664.66,0
2026-07-23,old-town,2415.2,0
2026-07-24,old-town,2669.81,0
2026-07-25,old-town,3001.42,0
2026-07-26,old-town,3259.26,0
2026-07-27,old-town,2200.3,0
2026-07-28,old-town,2552.06,0
2026-07-29,old-town,2437.68,0
2026-07-30,old-town,2572.86,0
2026-07-31,old-town,2706.87,0
2026-08-01,old-town,3660.95,0
2026-08-02,old-town,3431.79,0
2026-08-03,old-town,2045.3,0
2026-08-04,old-town,2966.99,1
2026-08-05,old-town,2331.24,1
2026-08-06,old-town,3000.46,1
2026-08-07,old-town,2037.49,0
2026-08-08,old-town,3019.4,0
2026-08-09,old-town,3568.05,0
2026-08-10,old-town,2236.31,0
2026-08-11,old-town,2308.01,0
2026-08-12,old-town,2396.09,0
2026-08-13,old-town,2811.31,0
2026-08-14,old-town,2651.33,0
2026-08-15,old-town,4171.07,0
2026-08-16,old-town,3536.71,0
2026-08-17,old-town,2280.38,0
2026-08-18,old-town,2912.6,0
2026-08-19,old-town,2613.63,0
2026-08-20,old-town,2407.97,0
2026-08-21,old-town,2788.92,0
2026-08-22,old-town,3593.83,0
2026-08-23,old-town,3261.97,0
2026-08-24,old-town,2215.14,0
2026-08-25,old-town,2490.07,0
2026-08-26,old-town,2828.88,0
2026-08-27,old-town,2652.92,0
2026-08-28,old-town,2804.6,0
2026-08-29,old-town,3640.13,0
2026-08-30,old-town,3739.86,0
2026-08-31,old-town,2405.97,0
2026-09-01,old-town,2483.75,0
2026-09-02,old-town,2481.4,0
2026-09-03,old-town,2921.05,0
2026-09-04,old-town,2821.43,0
2026-09-05,old-town,3350.51,0
2026-09-06,old-town,3860.19,0
2026-09-07,old-town,1979.52,0
2026-09-08,old-town,2421.95,0
2026-09-09,old-town,2769.23,0
2026-09-10,old-town,2882.01,0
2026-09-11,old-town,3035.28,0
2026-09-12,old-town,3961.7,0
2026-09-13,old-town,3407.12,0
2026-09-14,old-town,2423.01,0
2026-09-15,old-town,2691.76,0
2026-09-16,old-town,2660.62,0
2026-09-17,old-town,2950.35,0
2026-09-18,old-town,3341.41,0
2026-09-19,old-town,5168.11,1
2026-09-20,old-town,4994.69,1
2026-09-21,old-town,2802.34,1
2026-09-22,old-town,2864.14,0
2026-09-23,old-town,2959.84,0
2026-09-24,old-town,2825.01,0
2026-09-25,old-town,3058.68,0
2026-09-26,old-town,4124.15,0
2026-09-27,old-town,3866.72,0
2026-09-28,old-town,2295.64,0
2026-09-29,old-town,2737.93,0
2026-09-30,old-town,2967.07,0
2024-01-01,riverside,812.2,0
2024-01-02,riverside,1204.78,0
2024-01-03,riverside,1258.45,0
2024-01-04,riverside,1184.72,0
2024-01-05,riverside,1416.94,0
2024-01-06,riverside,2325.44,1
2024-01-07,riverside,2093.06,1
2024-01-08,riverside,1469.54,1
2024-01-09,riverside,1269.94,0
2024-01-10,riverside,1180.84,0
2024-01-11,riverside,1252.63,0
2024-01-12,riverside,1372.62,0
2024-01-13,riverside,2119.46,0
2024-01-14,riverside,2092.62,0
2024-01-15,riverside,977.21,0
2024-01-16,riverside,1504.93,0
2024-01-17,riverside,1489.01,0
2024-01-18,riverside,1501.21,0
2024-01-19,riverside,1648.42,0
2024-01-20,riverside,2377.9,0
2024-01-21,riverside,1955.66,0
2024-01-22,riverside,1271.8,0
2024-01-23,riverside,1301.1,0
2024-01-24,riverside,1548.44,0
2024-01-25,riverside,1555.37,0
2024-01-26,riverside,1830.62,0
2024-01-27,riverside,2622.15,0
2024-01-28,riverside,2451.73,0
2024-01-29,riverside,1324.36,0
2024-01-30,riverside,1668.31,0
2024-01-31,riverside,1555.41,0
2024-02-01,riverside,1627.26,0
2024-02-02,riverside,1902.87,0
2024-02-03,riverside,2397.78,0
2024-02-04,riverside,2669.3,0
2024-02-05,riverside,1773.55,1
2024-02-06,riverside,1833.1,1
2024-02-07,riverside,2127.78,1
2024-02-08,riverside,1773.85,0
2024-02-09,riverside,1839.38,0
2024-02-10,riverside,2435.73,0
2024-02-11,riverside,2427.11,0
2024-02-12,riverside,1411.77,0
2024-02-13,riverside,1786.2,0
2024-02-14,riverside,1601.57,0
2024-02-15,riverside,1783.5,0
2024-02-16,riverside,1703.29,0
2024-02-17,riverside,2598.58,0
2024-02-18,riverside,2667.64,0
2024-02-19,riverside,1478.37,0
2024-02-20,riverside,1577.71,0
2024-02-21,riverside,1958.16,0
2024-02-22,riverside,1777.22,0
2024-02-23,riverside,1961.49,0
2024-02-24,riverside,2706.03,0
2024-02-25,riverside,2778.3,0
2024-02-26,riverside,1505.62,0
2024-02-27,riverside,1978.4,0
2024-02-28,riverside,1717.0,0
2024-02-29,riverside,1937.16,0
2024-03-01,riverside,1833.7,0
2024-03-02,riverside,2699.87,0
2024-03-03,riverside,2505.66,0
2024-03-04,riverside,1591.52,0
2024-03-05,riverside,1995.38,0
2024-03-06,riverside,1781.82,0
2024-03-07,riverside,1767.53,0
2024-03-08,riverside,2104.48,1
2024-03-09,riverside,3167.65,1
2024-03-10,riverside,2861.74,1
2024-03-11,riverside,1444.87,0
2024-03-12,riverside,1831.05,0
2024-03-13,riverside,1988.38,0
2024-03-14,riverside,2224.52,0
2024-03-15,riverside,1863.06,0
2024-03-16,riverside,3052.48,0
2024-03-17,riverside,2792.34,0
2024-03-18,riverside,1534.13,0
2024-03-19,riverside,1864.08,0
2024-03-20,riverside,1813.23,0
2024-03-21,riverside,1820.02,0
2024-03-22,riverside,1890.73,0
2024-03-23,riverside,2470.67,0
2024-03-24,riverside,2443.79,0
2024-03-25,riverside,1630.23,0
2024-03-26,riverside,1767.73,0
2024-03-27,riverside,1725.65,0
2024-03-28,riverside,1805.39,0
2024-03-29,riverside,2067.87,0
2024-03-30,riverside,2778.58,0
2024-03-31,riverside,2608.95,0
2024-04-01,riverside,1699.44,0
2024-04-02,riverside,2028.45,0
2024-04-03,riverside,1869.33,0
2024-04-04,riverside,1937.02,0
2024-04-05,riverside,2133.67,0
2024-04-06,riverside,2976.64,0
2024-04-07,riverside,2862.41,0
2024-04-08,riverside,1616.89,0
2024-04-09,riverside,1868.17,0
2024-04-10,riverside,1654.01,0
2024-04-11,riverside,1891.87,0
2024-04-12,riverside,1750.28,0
2024-04-13,riverside,2567.92,0
2024-04-14,riverside,3003.94,0
2024-04-15,riverside,1640.66,0
2024-04-16,riverside,2001.52,0
2024-04-17,riverside,1753.16,0
2024-04-18,riverside,1640.19,0
2024-04-19,riverside,1895.69,0
2024-04-20,riverside,2735.85,0
2024-04-21,riverside,2729.55,0
2024-04-22,riverside,1670.5,0
2024-04-23,riverside,1735.4,0
2024-04-24,riverside,1829.7,0
2024-04-25,riverside,1653.71,0
2024-04-26,riverside,1988.37,0
2024-04-27,riverside,2704.58,0
2024-04-28,riverside,2554.61,0
2024-04-29,riverside,1501.31,0
2024-04-30,riverside,1751.49,0
2024-05-01,riverside,1739.25,0
2024-05-02,riverside,2025.89,0
2024-05-03,riverside,1900.64,0
2024-05-04,riverside,2644.51,0
2024-05-05,riverside,2300.07,0
2024-05-06,riverside,1423.51,0
2024-05-07,riverside,2046.81,1
2024-05-08,riverside,1981.93,1
2024-05-09,riverside,2313.23,1
2024-05-10,riverside,1884.41,0
2024-05-11,riverside,2956.18,0
2024-05-12,riverside,2695.11,0
2024-05-13,riverside,1521.39,0
2024-05-14,riverside,1751.66,0
2024-05-15,riverside,1763.14,0
2024-05-16,riverside,2004.34,0
2024-05-17,riverside,1598.4,0
2024-05-18,riverside,2303.05,0
2024-05-19,riverside,2568.31,0
2024-05-20,riverside,1514.66,0
2024-05-21,riverside,1852.13,0
2024-05-22,riverside,1821.63,0
2024-05-23,riverside,1707.64,0
2024-05-24,riverside,2048.3,0
2024-05-25,riverside,2884.32,0
2024-05-26,riverside,2706.16,0
2024-05-27,riverside,1330.62,0
2024-05-28,riverside,1791.18,0
2024-05-29,riverside,1682.06,0
2024-05-30,riverside,1848.12,0
2024-05-31,riverside,1909.39,0
2024-06-01,riverside,2664.53,0
2024-06-02,riverside,2974.48,0
2024-06-03,riverside,1253.46,0
2024-06-04,riverside,1574.37,0
2024-06-05,riverside,1601.21,0
2024-06-06,riverside,1702.56,0
2024-06-07,riverside,1852.97,0
2024-06-08,riverside,2372.87,0
2024-06-09,riverside,2466.34,0
2024-06-10,riverside,1407.69,0
2024-06-11,riverside,2098.07,0
2024-06-12,riverside,1996.04,0
2024-06-13,riverside,1689.47,0
2024-06-14,riverside,1829.77,0
2024-06-15,riverside,2425.78,0
2024-06-16,riverside,2289.43,0
2024-06-17,riverside,1480.11,0
2024-06-18,riverside,1609.3,0
2024-06-19,riverside,1411.55,0
2024-06-20,riverside,1534.62,0
2024-06-21,riverside,1762.69,0
2024-06-22,riverside,2652.62,0
2024-06-23,riverside,2692.51,0
2024-06-24,riverside,1527.05,0
2024-06-25,riverside,1556.31,0
2024-06-26,riverside,1829.28,0
2024-06-27,riverside,1613.24,0
2024-06-28,riverside,1936.93,0
2024-06-29,riverside,2593.49,0
2024-06-30,riverside,2337.29,0
2024-07-01,riverside,1429.63,0
2024-07-02,riverside,1746.89,0
2024-07-03,riverside,1777.02,0
2024-07-04,riverside,1375.12,0
2024-07-05,riverside,2050.54,0
2024-07-06,riverside,2771.34,0
2024-07-07,riverside,2517.93,0
2024-07-08,riverside,1534.91,0
2024-07-09,riverside,1948.95,0
2024-07-10,riverside,1951.67,0
2024-07-11,riverside,1535.93,0
2024-07-12,riverside,1696.37,0
2024-07-13,riverside,3375.75,1
2024-07-14,riverside,2790.18,1
2024-07-15,riverside,1548.4,1
2024-07-16,riverside,1625.74,0
2024-07-17,riverside,1741.77,0
2024-07-18,riverside,1676.85,0
2024-07-19,riverside,1740.59,0
2024-07-20,riverside,2449.55,0
2024-07-21,riverside,2447.33,0
2024-07-22,riverside,1370.41,0
2024-07-23,riverside,2024.73,0
2024-07-24,riverside,1749.38,0
2024-07-25,riverside,1833.62,0
2024-07-26,riverside,1791.57,0
2024-07-27,riverside,2587.72,0
2024-07-28,riverside,2495.69,0
2024-07-29,riverside,1225.28,0
2024-07-30,riverside,1573.25,0
2024-07-31,riverside,1528.71,0
2024-08-01,riverside,1484.83,0
2024-08-02,riverside,1742.34,0
2024-08-03,riverside,2974.07,0
2024-08-04,riverside,2694.44,0
2024-08-05,riverside,1691.75,0
2024-08-06,riverside,1848.92,0
2024-08-07,riverside,1908.73,0
2024-08-08,riverside,1688.98,0
2024-08-09,riverside,2037.76,0
2024-08-10,riverside,2923.6,0
2024-08-11,riverside,2661.03,0
2024-08-12,riverside,1645.64,0
2024-08-13,riverside,1921.51,0
2024-08-14,riverside,1773.61,0
2024-08-15,riverside,1704.94,0
2024-08-16,riverside,2170.2,1
2024-08-17,riverside,3370.97,1
2024-08-18,riverside,3443.5,1
2024-08-19,riverside,1522.93,0
2024-08-20,riverside,1888.85,0
2024-08-21,riverside,1973.4,0
2024-08-22,riverside,1986.24,0
2024-08-23,riverside,2307.26,0
2024-08-24,riverside,3189.77,0
2024-08-25,riverside,2695.99,0
2024-08-26,riverside,1870.52,0
2024-08-27,riverside,1846.89,0
2024-08-28,riverside,2083.78,0
2024-08-29,riverside,1941.3,0
2024-08-30,riverside,2027.28,0
2024-08-31,riverside,2575.68,0
2024-09-01,riverside,2918.65,0
2024-09-02,riverside,1223.0,0
2024-09-03,riverside,2100.76,0
2024-09-04,riverside,2193.93,0
2024-09-05,riverside,1848.41,0
2024-09-06,riverside,2172.39,0
2024-09-07,riverside,2836.66,0
2024-09-08,riverside,2863.31,0
2024-09-09,riverside,1803.5,0
2024-09-10,riverside,1977.07,0
2024-09-11,riverside,2263.71,0
2024-09-12,riverside,1920.09,0
2024-09-13,riverside,2322.05,0
2024-09-14,riverside,3060.37,0
2024-09-15,riverside,3231.3,0
2024-09-16,riverside,1668.78,0
2024-09-17,riverside,2003.08,0
2024-09-18,riverside,1997.07,0
2024-09-19,riverside,1895.66,0
2024-09-20,riverside,2295.18,0
2024-09-21,riverside,3233.56,0
2024-09-22,riverside,3225.97,0
2024-09-23,riverside,1962.76,0
2024-09-24,riverside,2680.49,1
2024-09-25,riverside,2342.11,1
2024-09-26,riverside,2481.88,1
2024-09-27,riverside,2111.86,0
2024-09-28,riverside,3125.78,0
2024-09-29,riverside,2988.54,0
2024-09-30,riverside,2000.83,0
2024-10-01,riverside,2121.17,0
2024-10-02,riverside,2034.28,0
2024-10-03,riverside,2265.52,0
2024-10-04,riverside,1904.52,0
2024-10-05,riverside,2716.87,0
2024-10-06,riverside,3360.13,0
2024-10-07,riverside,2126.65,1
2024-10-08,riverside,2512.67,1
2024-10-09,riverside,2236.24,1
2024-10-10,riverside,2093.25,0
2024-10-11,riverside,2636.28,0
2024-10-12,riverside,3401.92,0
2024-10-13,riverside,3244.32,0
2024-10-14,riverside,1440.37,0
2024-10-15,riverside,2052.66,0
2024-10-16,riverside,1805.15,0
2024-10-17,riverside,2162.46,0
2024-10-18,riverside,2444.57,0
2024-10-19,riverside,2873.68,0
2024-10-20,riverside,3082.36,0
2024-10-21,riverside,1682.83,0
2024-10-22,riverside,1988.16,0
2024-10-23,riverside,2149.22,0
2024-10-24,riverside,1833.5,0
2024-10-25,riverside,2427.92,0
2024-10-26,riverside,3457.96,0
2024-10-27,riverside,3211.42,0
2024-10-28,riverside,1539.33,0
2024-10-29,riverside,2003.42,0
2024-10-30,riverside,2371.21,0
2024-10-31,riverside,1757.52,0
2024-11-01,riverside,2280.63,0
2024-11-02,riverside,3019.37,0
2024-11-03,riverside,3508.37,0
2024-11-04,riverside,1778.69,0
2024-11-05,riverside,2649.48,1
2024-11-06,riverside,2684.97,1
2024-11-07,riverside,2956.91,1
2024-11-08,riverside,2325.19,0
2024-11-09,riverside,3421.57,0
2024-11-10,riverside,2979.09,0
2024-11-11,riverside,1691.09,0
2024-11-12,riverside,2073.8,0
2024-11-13,riverside,2107.27,0
2024-11-14,riverside,2196.33,0
2024-11-15,riverside,2115.27,0
2024-11-16,riverside,3408.48,0
2024-11-17,riverside,3606.01,0
2024-11-18,riverside,1941.36,0
2024-11-19,riverside,1961.98,0
2024-11-20,riverside,2191.74,0
2024-11-21,riverside,2340.74,0
2024-11-22,riverside,2078.68,0
2024-11-23,riverside,3109.65,0
2024-11-24,riverside,3602.45,0
2024-11-25,riverside,1949.02,0
2024-11-26,riverside,2292.17,0
2024-11-27,riverside,4218.66,0
2024-11-28,riverside,0.0,0
2024-11-29,riverside,2526.57,0
2024-11-30,riverside,4150.29,0
2024-12-01,riverside,3334.8,0
2024-12-02,riverside,1806.92,0
2024-12-03,riverside,2304.57,0
2024-12-04,riverside,2307.65,0
2024-12-05,riverside,2147.42,0
2024-12-06,riverside,2233.89,0
2024-12-07,riverside,4041.35,0
2024-12-08,riverside,3484.22,0
2024-12-09,riverside,1821.46,0
2024-12-10,riverside,2397.46,0
2024-12-11,riverside,2220.74,0
2024-12-12,riverside,2593.1,1
2024-12-13,riverside,2977.87,1
2024-12-14,riverside,3647.79,1
2024-12-15,riverside,3497.84,0
2024-12-16,riverside,2225.12,0
2024-12-17,riverside,2321.64,0
2024-12-18,riverside,2179.76,0
2024-12-19,riverside,2158.66,0
2024-12-20,riverside,2348.49,0
2024-12-21,riverside,3344.41,0
2024-12-22,riverside,3313.53,0
2024-12-23,riverside,2065.81,0
2024-12-24,riverside,3249.07,0
2024-12-25,riverside,0.0,0
2024-12-26,riverside,2179.17,0
2024-12-27,riverside,2490.62,0
2024-12-28,riverside,3130.95,0
2024-12-29,riverside,3763.44,0
2024-12-30,riverside,2115.68,0
2024-12-31,riverside,2407.33,0
2025-01-01,riverside,1639.79,0
2025-01-02,riverside,2383.46,0
2025-01-03,riverside,2492.8,0
2025-01-04,riverside,3016.47,0
2025-01-05,riverside,3395.06,0
2025-01-06,riverside,1977.01,0
2025-01-07,riverside,2331.21,0
2025-01-08,riverside,2264.97,0
2025-01-09,riverside,2283.41,0
2025-01-10,riverside,2693.51,0
2025-01-11,riverside,3719.3,0
2025-01-12,riverside,2734.75,0
2025-01-13,riverside,1872.34,0
2025-01-14,riverside,2200.98,0
2025-01-15,riverside,1952.79,0
2025-01-16,riverside,2241.43,0
2025-01-17,riverside,2638.03,0
2025-01-18,riverside,3114.2,0
2025-01-19,riverside,3462.56,0
2025-01-20,riverside,1461.41,0
2025-01-21,riverside,2109.04,0
2025-01-22,riverside,2476.08,0
2025-01-23,riverside,2126.34,0
2025-01-24,riverside,2474.21,0
2025-01-25,riverside,2920.76,0
2025-01-26,riverside,3861.33,0
2025-01-27,riverside,1986.03,0
2025-01-28,riverside,2175.34,0
2025-01-29,riverside,2300.51,0
2025-01-30,riverside,1980.39,0
2025-01-31,riverside,2595.37,0
2025-02-01,riverside,3259.32,0
2025-02-02,riverside,3285.5,0
2025-02-03,riverside,1817.39,0
2025-02-04,riverside,2474.49,1
2025-02-05,riverside,2719.99,1
2025-02-06,riverside,2629.12,1
2025-02-07,riverside,2476.12,0
2025-02-08,riverside,3312.79,0
2025-02-09,riverside,3441.18,0
2025-02-10,riverside,1813.45,0
2025-02-11,riverside,2569.04,0
2025-02-12,riverside,1930.01,0
2025-02-13,riverside,2383.32,0
2025-02-14,riverside,2591.57,0
2025-02-15,riverside,3084.15,0
2025-02-16,riverside,3881.17,0
2025-02-17,riverside,1639.44,0
2025-02-18,riverside,2317.58,0
2025-02-19,riverside,2156.53,0
2025-02-20,riverside,2114.46,0
2025-02-21,riverside,2281.93,0
2025-02-22,riverside,3354.94,0
2025-02-23,riverside,3614.25,0
2025-02-24,riverside,1863.58,0
2025-02-25,riverside,1993.7,0
2025-02-26,riverside,2267.76,0
2025-02-27,riverside,2281.08,0
2025-02-28,riverside,2411.42,0
2025-03-01,riverside,3412.2,0
2025-03-02,riverside,3157.23,0
2025-03-03,riverside,1697.86,0
2025-03-04,riverside,1980.4,0
2025-03-05,riverside,1866.93,0
2025-03-06,riverside,2145.25,0
2025-03-07,riverside,2258.52,0
2025-03-08,riverside,3090.2,0
2025-03-09,riverside,2555.05,0
2025-03-10,riverside,1640.77,0
2025-03-11,riverside,2275.26,0
2025-03-12,riverside,1987.09,0
2025-03-13,riverside,2142.66,0
2025-03-14,riverside,2026.16,0
2025-03-15,riverside,3520.38,0
2025-03-16,riverside,3121.57,0
2025-03-17,riverside,1821.8,0
2025-03-18,riverside,2907.54,1
2025-03-19,riverside,2732.09,1
2025-03-20,riverside,2379.29,1
2025-03-21,riverside,2128.05,0
2025-03-22,riverside,3051.06,0
2025-03-23,riverside,3243.34,0
2025-03-24,riverside,1749.61,0
2025-03-25,riverside,1987.59,0
2025-03-26,riverside,2282.02,0
2025-03-27,riverside,2023.68,0
2025-03-28,riverside,2615.29,0
2025-03-29,riverside,3114.05,0
2025-03-30,riverside,3530.66,0
2025-03-31,riverside,1791.99,0
2025-04-01,riverside,2177.22,0
2025-04-02,riverside,1915.46,0
2025-04-03,riverside,1894.13,0
2025-04-04,riverside,2254.04,0
2025-04-05,riverside,3295.75,0
2025-04-06,riverside,3064.9,0
2025-04-07,riverside,1567.52,0
2025-04-08,riverside,1809.95,0
2025-04-09,riverside,1798.25,0
2025-04-10,riverside,1750.35,0
2025-04-11,riverside,2173.0,0
2025-04-12,riverside,3295.58,0
2025-04-13,riverside,3021.54,0
2025-04-14,riverside,1442.37,0
2025-04-15,riverside,1956.05,0
2025-04-16,riverside,1957.43,0
2025-04-17,riverside,2315.57,0
2025-04-18,riverside,1913.17,0
2025-04-19,riverside,2912.88,0
2025-04-20,riverside,3404.3,0
2025-04-21,riverside,1750.66,0
2025-04-22,riverside,2050.33,0
2025-04-23,riverside,1979.91,0
2025-04-24,riverside,2009.58,0
2025-04-25,riverside,2241.63,0
2025-04-26,riverside,2797.36,0
2025-04-27,riverside,3170.9,0
2025-04-28,riverside,1513.53,0
2025-04-29,riverside,1997.07,0
2025-04-30,riverside,1972.48,0
2025-05-01,riverside,1856.17,0
2025-05-02,riverside,2093.56,0
2025-05-03,riverside,2813.75,0
2025-05-04,riverside,2717.58,0
2025-05-05,riverside,1620.93,0
2025-05-06,riverside,1779.8,0
2025-05-07,riverside,1978.8,0
2025-05-08,riverside,1770.08,0
2025-05-09,riverside,2196.06,0
2025-05-10,riverside,2679.02,0
2025-05-11,riverside,2802.91,0
2025-05-12,riverside,1577.51,0
2025-05-13,riverside,2121.28,0
2025-05-14,riverside,1967.07,0
2025-05-15,riverside,2226.81,1
2025-05-16,riverside,2534.52,1
2025-05-17,riverside,2931.52,1
2025-05-18,riverside,2898.06,0
2025-05-19,riverside,1909.45,0
2025-05-20,riverside,1929.05,0
2025-05-21,riverside,1918.4,0
2025-05-22,riverside,1987.4,0
2025-05-23,riverside,2201.61,0
2025-05-24,riverside,2492.57,0
2025-05-25,riverside,2550.59,0
2025-05-26,riverside,1362.98,0
2025-05-27,riverside,1802.11,0
2025-05-28,riverside,2096.76,0
2025-05-29,riverside,1854.79,0
2025-05-30,riverside,1773.06,0
2025-05-31,riverside,2621.85,0
2025-06-01,riverside,2344.77,0
2025-06-02,riverside,1601.19,0
2025-06-03,riverside,1867.17,0
2025-06-04,riverside,1833.32,0
2025-06-05,riverside,2050.9,0
2025-06-06,riverside,2233.55,0
2025-06-07,riverside,2834.96,0
2025-06-08,riverside,2444.97,0
2025-06-09,riverside,1699.27,0
2025-06-10,riverside,1965.28,0
2025-06-11,riverside,1927.86,0
2025-06-12,riverside,2025.85,0
2025-06-13,riverside,1860.98,0
2025-06-14,riverside,3319.93,0
2025-06-15,riverside,2654.74,0
2025-06-16,riverside,1705.6,0
2025-06-17,riverside,1650.19,0
2025-06-18,riverside,1744.56,0
2025-06-19,riverside,1716.55,0
2025-06-20,riverside,1976.11,0
2025-06-21,riverside,3016.44,0
2025-06-22,riverside,2878.96,0
2025-06-23,riverside,1585.29,0
2025-06-24,riverside,2054.86,0
2025-06-25,riverside,1819.53,0
2025-06-26,riverside,1617.91,0
2025-06-27,riverside,1877.12,0
2025-06-28,riverside,2919.39,0
2025-06-29,riverside,2880.57,0
2025-06-30,riverside,1404.31,0
2025-07-01,riverside,1736.5,0
2025-07-02,riverside,1752.23,0
2025-07-03,riverside,1777.96,0
2025-07-04,riverside,1457.34,0
2025-07-05,riverside,2641.56,0
2025-07-06,riverside,2618.06,0
2025-07-07,riverside,1655.5,0
2025-07-08,riverside,,0
2025-07-09,riverside,,0
2025-07-10,riverside,,0
2025-07-11,riverside,,0
2025-07-12,riverside,,0
2025-07-13,riverside,,0
2025-07-14,riverside,,0
2025-07-15,riverside,,0
2025-07-16,riverside,,0
2025-07-17,riverside,,0
2025-07-18,riverside,,0
2025-07-19,riverside,,0
2025-07-20,riverside,2766.22,0
2025-07-21,riverside,1539.11,0
2025-07-22,riverside,1870.14,0
2025-07-23,riverside,1824.93,0
2025-07-24,riverside,1641.88,0
2025-07-25,riverside,1803.46,0
2025-07-26,riverside,2804.18,0
2025-07-27,riverside,3031.4,0
2025-07-28,riverside,1349.06,0
2025-07-29,riverside,1906.99,0
2025-07-30,riverside,2038.59,0
2025-07-31,riverside,1849.88,0
2025-08-01,riverside,2113.82,0
2025-08-02,riverside,2718.3,0
2025-08-03,riverside,2850.84,0
2025-08-04,riverside,1446.78,0
2025-08-05,riverside,1599.71,0
2025-08-06,riverside,2055.02,0
2025-08-07,riverside,1785.39,0
2025-08-08,riverside,2014.21,0
2025-08-09,riverside,2653.97,0
2025-08-10,riverside,2659.53,0
2025-08-11,riverside,1657.22,0
2025-08-12,riverside,1855.28,0
2025-08-13,riverside,2023.43,0
2025-08-14,riverside,2042.16,0
2025-08-15,riverside,2191.61,0
2025-08-16,riverside,3076.16,0
2025-08-17,riverside,3412.7,0
2025-08-18,riverside,1588.62,0
2025-08-19,riverside,1999.4,0
2025-08-20,riverside,2192.5,0
2025-08-21,riverside,2221.04,0
2025-08-22,riverside,1966.83,0
2025-08-23,riverside,3016.97,0
2025-08-24,riverside,3429.25,0
2025-08-25,riverside,1825.37,0
2025-08-26,riverside,2078.81,0
2025-08-27,riverside,2020.64,0
2025-08-28,riverside,2000.67,0
2025-08-29,riverside,2278.03,0
2025-08-30,riverside,3086.15,0
2025-08-31,riverside,3142.5,0
2025-09-01,riverside,1474.67,0
2025-09-02,riverside,1980.26,0
2025-09-03,riverside,2173.25,0
2025-09-04,riverside,2604.08,0
2025-09-05,riverside,1982.5,0
2025-09-06,riverside,3862.55,1
2025-09-07,riverside,3568.4,1
2025-09-08,riverside,2236.66,1
2025-09-09,riverside,2122.38,0
2025-09-10,riverside,2243.93,0
2025-09-11,riverside,2319.32,0
2025-09-12,riverside,2331.49,0
2025-09-13,riverside,3527.96,0
2025-09-14,riverside,2723.64,0
2025-09-15,riverside,2074.06,0
2025-09-16,riverside,2205.89,0
2025-09-17,riverside,2329.8,0
2025-09-18,riverside,1964.79,0
2025-09-19,riverside,2189.02,0
2025-09-20,riverside,3321.34,0
2025-09-21,riverside,3287.25,0
2025-09-22,riverside,1905.84,0
2025-09-23,riverside,2357.83,0
2025-09-24,riverside,1907.68,0
2025-09-25,riverside,2347.11,0
2025-09-26,riverside,2362.2,0
2025-09-27,riverside,3278.17,0
2025-09-28,riverside,2986.43,0
2025-09-29,riverside,1962.93,0
2025-09-30,riverside,1837.3,0
2025-10-01,riverside,2315.89,0
2025-10-02,riverside,1975.97,0
2025-10-03,riverside,2400.62,0
2025-10-04,riverside,3341.13,0
2025-10-05,riverside,3686.69,0
2025-10-06,riverside,1888.6,0
2025-10-07,riverside,2116.45,0
2025-10-08,riverside,2150.14,0
2025-10-09,riverside,2461.36,0
2025-10-10,riverside,2519.68,0
2025-10-11,riverside,3314.9,0
2025-10-12,riverside,3357.81,0
2025-10-13,riverside,1412.22,0
2025-10-14,riverside,2322.75,0
2025-10-15,riverside,2336.79,1
2025-10-16,riverside,2825.71,1
2025-10-17,riverside,2917.08,1
2025-10-18,riverside,4127.92,0
2025-10-19,riverside,3182.95,0
2025-10-20,riverside,1943.77,0
2025-10-21,riverside,2610.54,0
2025-10-22,riverside,2498.15,0
2025-10-23,riverside,2171.63,0
2025-10-24,riverside,2516.64,0
2025-10-25,riverside,3488.55,0
2025-10-26,riverside,3567.7,0
2025-10-27,riverside,1878.1,0
2025-10-28,riverside,2289.15,0
2025-10-29,riverside,2047.07,0
2025-10-30,riverside,2334.4,0
2025-10-31,riverside,2584.86,0
2025-11-01,riverside,3462.29,0
2025-11-02,riverside,3124.13,0
2025-11-03,riverside,2151.5,0
2025-11-04,riverside,2390.36,0
2025-11-05,riverside,2205.35,0
2025-11-06,riverside,2283.03,0
2025-11-07,riverside,2252.74,0
2025-11-08,riverside,3289.4,0
2025-11-09,riverside,3415.82,0
2025-11-10,riverside,2208.85,0
2025-11-11,riverside,1832.8,0
2025-11-12,riverside,2462.93,0
2025-11-13,riverside,2256.94,0
2025-11-14,riverside,2588.21,0
2025-11-15,riverside,3541.39,0
2025-11-16,riverside,3825.09,0
2025-11-17,riverside,1949.19,0
2025-11-18,riverside,2098.74,0
2025-11-19,riverside,2130.88,0
2025-11-20,riverside,2273.16,0
2025-11-21,riverside,2328.44,0
2025-11-22,riverside,3714.42,0
2025-11-23,riverside,3481.03,0
2025-11-24,riverside,2439.04,0
2025-11-25,riverside,2084.97,0
2025-11-26,riverside,3982.3,0
2025-11-27,riverside,0.0,0
2025-11-28,riverside,2477.25,0
2025-11-29,riverside,3658.89,0
2025-11-30,riverside,3042.79,0
2025-12-01,riverside,2087.58,0
2025-12-02,riverside,2752.08,0
2025-12-03,riverside,2307.53,0
2025-12-04,riverside,2435.59,0
2025-12-05,riverside,2787.17,0
2025-12-06,riverside,3589.73,0
2025-12-07,riverside,3480.73,0
2025-12-08,riverside,2047.31,1
2025-12-09,riverside,2963.86,1
2025-12-10,riverside,2801.88,1
2025-12-11,riverside,2220.31,0
2025-12-12,riverside,2612.63,0
2025-12-13,riverside,3487.26,0
2025-12-14,riverside,3502.63,0
2025-12-15,riverside,2158.28,0
2025-12-16,riverside,2169.47,0
2025-12-17,riverside,2594.98,0
2025-12-18,riverside,2160.52,0
2025-12-19,riverside,2465.89,0
2025-12-20,riverside,4213.6,0
2025-12-21,riverside,3969.78,0
2025-12-22,riverside,2079.2,0
2025-12-23,riverside,2236.6,0
2025-12-24,riverside,3805.93,0
2025-12-25,riverside,0.0,0
2025-12-26,riverside,2599.05,0
2025-12-27,riverside,3622.51,0
2025-12-28,riverside,3638.42,0
2025-12-29,riverside,2030.13,0
2025-12-30,riverside,2152.6,0
2025-12-31,riverside,2306.86,0
2026-01-01,riverside,2105.25,0
2026-01-02,riverside,2335.82,0
2026-01-03,riverside,3590.29,0
2026-01-04,riverside,3423.48,0
2026-01-05,riverside,2076.36,0
2026-01-06,riverside,2324.67,0
2026-01-07,riverside,2672.83,0
2026-01-08,riverside,2484.11,0
2026-01-09,riverside,2339.77,0
2026-01-10,riverside,3819.29,0
2026-01-11,riverside,4041.63,1
2026-01-12,riverside,2319.66,1
2026-01-13,riverside,2882.09,1
2026-01-14,riverside,2297.95,0
2026-01-15,riverside,2547.91,0
2026-01-16,riverside,2426.79,0
2026-01-17,riverside,3453.36,0
2026-01-18,riverside,3441.4,0
2026-01-19,riverside,1606.43,0
2026-01-20,riverside,2579.1,0
2026-01-21,riverside,2487.88,0
2026-01-22,riverside,2695.98,0
2026-01-23,riverside,3033.66,0
2026-01-24,riverside,3331.23,0
2026-01-25,riverside,3615.04,0
2026-01-26,riverside,1861.21,0
2026-01-27,riverside,2227.94,0
2026-01-28,riverside,2250.73,0
2026-01-29,riverside,2177.79,0
2026-01-30,riverside,2350.76,0
2026-01-31,riverside,3538.15,0
2026-02-01,riverside,3261.53,0
2026-02-02,riverside,2151.33,0
2026-02-03,riverside,2190.0,0
2026-02-04,riverside,2893.36,0
2026-02-05,riverside,2263.23,0
2026-02-06,riverside,2539.42,0
2026-02-07,riverside,3222.13,0
2026-02-08,riverside,4031.1,0
2026-02-09,riverside,2180.13,0
2026-02-10,riverside,2380.63,0
2026-02-11,riverside,2102.07,0
2026-02-12,riverside,2359.74,0
2026-02-13,riverside,2303.45,0
2026-02-14,riverside,3930.33,0
2026-02-15,riverside,3737.83,0
2026-02-16,riverside,1641.72,0
2026-02-17,riverside,1922.96,0
2026-02-18,riverside,2141.62,0
2026-02-19,riverside,2424.45,0
2026-02-20,riverside,2720.03,0
2026-02-21,riverside,3793.51,0
2026-02-22,riverside,3650.57,1
2026-02-23,riverside,2377.42,1
2026-02-24,riverside,2912.54,1
2026-02-25,riverside,2016.97,0
2026-02-26,riverside,2279.59,0
2026-02-27,riverside,2511.02,0
2026-02-28,riverside,3380.19,0
2026-03-01,riverside,3004.64,0
2026-03-02,riverside,1903.47,0
2026-03-03,riverside,2209.88,0
2026-03-04,riverside,2236.54,0
2026-03-05,riverside,2554.43,1
2026-03-06,riverside,2779.74,1
2026-03-07,riverside,4026.42,1
2026-03-08,riverside,3532.62,0
2026-03-09,riverside,1887.02,0
2026-03-10,riverside,2173.7,0
2026-03-11,riverside,2253.71,0
2026-03-12,riverside,1934.93,0
2026-03-13,riverside,2497.68,0
2026-03-14,riverside,3386.41,0
2026-03-15,riverside,3391.47,0
2026-03-16,riverside,2052.95,0
2026-03-17,riverside,1915.64,0
2026-03-18,riverside,1909.69,0
2026-03-19,riverside,2256.86,0
2026-03-20,riverside,2382.92,0
2026-03-21,riverside,3393.39,0
2026-03-22,riverside,3231.23,0
2026-03-23,riverside,1986.3,0
2026-03-24,riverside,2352.96,0
2026-03-25,riverside,2271.59,0
2026-03-26,riverside,2144.87,0
2026-03-27,riverside,2013.72,0
2026-03-28,riverside,3511.23,0
2026-03-29,riverside,3626.86,0
2026-03-30,riverside,1962.1,0
2026-03-31,riverside,2031.94,0
2026-04-01,riverside,2279.55,0
2026-04-02,riverside,2308.19,0
2026-04-03,riverside,2622.9,0
2026-04-04,riverside,3070.69,0
2026-04-05,riverside,3219.17,0
2026-04-06,riverside,1956.44,0
2026-04-07,riverside,2157.01,0
2026-04-08,riverside,1972.18,0
2026-04-09,riverside,2209.05,0
2026-04-10,riverside,2411.78,0
2026-04-11,riverside,3855.01,1
2026-04-12,riverside,3887.65,1
2026-04-13,riverside,2119.05,1
2026-04-14,riverside,2375.32,0
2026-04-15,riverside,1984.37,0
2026-04-16,riverside,2028.72,0
2026-04-17,riverside,2288.41,0
2026-04-18,riverside,3432.66,0
2026-04-19,riverside,2868.4,0
2026-04-20,riverside,1643.64,0
2026-04-21,riverside,1807.33,0
2026-04-22,riverside,2108.17,0
2026-04-23,riverside,1931.32,0
2026-04-24,riverside,2201.01,0
2026-04-25,riverside,3346.28,0
2026-04-26,riverside,3030.98,0
2026-04-27,riverside,1828.67,0
2026-04-28,riverside,2040.93,0
2026-04-29,riverside,2192.58,0
2026-04-30,riverside,2157.9,0
2026-05-01,riverside,2132.76,0
2026-05-02,riverside,3118.28,0
2026-05-03,riverside,3411.33,0
2026-05-04,riverside,1836.21,0
2026-05-05,riverside,1864.86,0
2026-05-06,riverside,2172.95,0
2026-05-07,riverside,1905.13,0
2026-05-08,riverside,2478.85,0
2026-05-09,riverside,3385.28,0
2026-05-10,riverside,3200.85,0
2026-05-11,riverside,1791.41,0
2026-05-12,riverside,2024.76,0
2026-05-13,riverside,2162.22,0
2026-05-14,riverside,1996.86,0
2026-05-15,riverside,2255.07,0
2026-05-16,riverside,3326.24,0
2026-05-17,riverside,2984.77,0
2026-05-18,riverside,1983.09,1
2026-05-19,riverside,2206.43,1
2026-05-20,riverside,2226.42,1
2026-05-21,riverside,1780.48,0
2026-05-22,riverside,2328.05,0
2026-05-23,riverside,3550.36,0
2026-05-24,riverside,3447.46,0
2026-05-25,riverside,1271.47,0
2026-05-26,riverside,2149.32,0
2026-05-27,riverside,2263.35,0
2026-05-28,riverside,1964.7,0
2026-05-29,riverside,2211.33,0
2026-05-30,riverside,2655.33,0
2026-05-31,riverside,3147.47,0
2026-06-01,riverside,1610.79,0
2026-06-02,riverside,2057.96,0
2026-06-03,riverside,1802.32,0
2026-06-04,riverside,2109.16,0
2026-06-05,riverside,2360.26,0
2026-06-06,riverside,2898.88,0
2026-06-07,riverside,2821.17,0
2026-06-08,riverside,1477.74,0
2026-06-09,riverside,1978.53,0
2026-06-10,riverside,1930.88,0
2026-06-11,riverside,1794.08,0
2026-06-12,riverside,2250.0,0
2026-06-13,riverside,2956.72,0
2026-06-14,riverside,2818.54,0
2026-06-15,riverside,1656.64,0
2026-06-16,riverside,2173.87,0
2026-06-17,riverside,2096.52,0
2026-06-18,riverside,1982.06,0
2026-06-19,riverside,1854.46,0
2026-06-20,riverside,2781.51,0
2026-06-21,riverside,3037.77,0
2026-06-22,riverside,1731.15,0
2026-06-23,riverside,1919.06,0
2026-06-24,riverside,2050.72,0
2026-06-25,riverside,1869.01,0
2026-06-26,riverside,2219.99,0
2026-06-27,riverside,3129.06,0
2026-06-28,riverside,2408.15,0
2026-06-29,riverside,1850.91,0
2026-06-30,riverside,1563.52,0
2026-07-01,riverside,1873.12,0
2026-07-02,riverside,2114.95,0
2026-07-03,riverside,1690.81,0
2026-07-04,riverside,2572.09,1
2026-07-05,riverside,3220.69,1
2026-07-06,riverside,2133.35,1
2026-07-07,riverside,1682.97,0
2026-07-08,riverside,2113.11,0
2026-07-09,riverside,1931.53,0
2026-07-10,riverside,1913.82,0
2026-07-11,riverside,2817.47,0
2026-07-12,riverside,2725.83,0
2026-07-13,riverside,1775.7,0
2026-07-14,riverside,2043.97,0
2026-07-15,riverside,1700.92,0
2026-07-16,riverside,1878.02,0
2026-07-17,riverside,1960.77,0
2026-07-18,riverside,3246.94,0
2026-07-19,riverside,2665.98,0
2026-07-20,riverside,1885.13,0
2026-07-21,riverside,1941.84,0
2026-07-22,riverside,1787.58,0
2026-07-23,riverside,1857.68,0
2026-07-24,riverside,1992.34,0
2026-07-25,riverside,2713.26,0
2026-07-26,riverside,3015.09,0
2026-07-27,riverside,1549.38,0
2026-07-28,riverside,1682.67,0
2026-07-29,riverside,1932.34,0
2026-07-30,riverside,1742.7,0
2026-07-31,riverside,2043.7,0
2026-08-01,riverside,2853.11,0
2026-08-02,riverside,2872.0,0
2026-08-03,riverside,2023.27,0
2026-08-04,riverside,2041.28,0
2026-08-05,riverside,2078.53,0
2026-08-06,riverside,1793.12,0
2026-08-07,riverside,2114.96,0
2026-08-08,riverside,3189.62,0
2026-08-09,riverside,2917.75,0
2026-08-10,riverside,1915.7,0
2026-08-11,riverside,1908.68,0
2026-08-12,riverside,2052.16,0
2026-08-13,riverside,2013.97,0
2026-08-14,riverside,2725.03,1
2026-08-15,riverside,3623.4,1
2026-08-16,riverside,3738.18,1
2026-08-17,riverside,1803.16,0
2026-08-18,riverside,2026.46,0
2026-08-19,riverside,2227.68,0
2026-08-20,riverside,2193.69,0
2026-08-21,riverside,2318.83,0
2026-08-22,riverside,3190.35,0
2026-08-23,riverside,3507.96,0
2026-08-24,riverside,1842.04,0
2026-08-25,riverside,2136.37,0
2026-08-26,riverside,2209.17,0
2026-08-27,riverside,2495.77,0
2026-08-28,riverside,2151.82,0
2026-08-29,riverside,3556.56,0
2026-08-30,riverside,2919.69,0
2026-08-31,riverside,1939.8,0
2026-09-01,riverside,2503.17,0
2026-09-02,riverside,2312.54,0
2026-09-03,riverside,2263.08,0
2026-09-04,riverside,2318.8,0
2026-09-05,riverside,3418.91,0
2026-09-06,riverside,3354.23,0
2026-09-07,riverside,1498.25,0
2026-09-08,riverside,2209.71,0
2026-09-09,riverside,2296.85,0
2026-09-10,riverside,2526.09,1
2026-09-11,riverside,2725.7,1
2026-09-12,riverside,3687.44,1
2026-09-13,riverside,3570.6,0
2026-09-14,riverside,2047.81,0
2026-09-15,riverside,2330.39,0
2026-09-16,riverside,2467.0,0
2026-09-17,riverside,2314.39,0
2026-09-18,riverside,2562.16,0
2026-09-19,riverside,3589.13,0
2026-09-20,riverside,3490.94,0
2026-09-21,riverside,1914.77,0
2026-09-22,riverside,2740.63,0
2026-09-23,riverside,2248.17,0
2026-09-24,riverside,2216.55,0
2026-09-25,riverside,2604.58,0
2026-09-26,riverside,3622.7,0
2026-09-27,riverside,3205.36,0
2026-09-28,riverside,2196.12,0
2026-09-29,riverside,2335.16,0
2026-09-30,riverside,2167.66,0
2024-01-01,eastgate,0.0,0
2024-01-02,eastgate,892.41,0
2024-01-03,eastgate,789.08,0
2024-01-04,eastgate,1009.15,0
2024-01-05,eastgate,1019.45,0
2024-01-06,eastgate,1104.14,0
2024-01-07,eastgate,1264.54,0
2024-01-08,eastgate,0.0,0
2024-01-09,eastgate,953.1,0
2024-01-10,eastgate,921.51,0
2024-01-11,eastgate,1024.85,0
2024-01-12,eastgate,1112.04,0
2024-01-13,eastgate,1218.09,0
2024-01-14,eastgate,1160.1,0
2024-01-15,eastgate,0.0,0
2024-01-16,eastgate,1034.24,0
2024-01-17,eastgate,950.39,0
2024-01-18,eastgate,949.85,0
2024-01-19,eastgate,1206.48,0
2024-01-20,eastgate,1075.61,0
2024-01-21,eastgate,1339.26,0
2024-01-22,eastgate,0.0,0
2024-01-23,eastgate,1222.08,0
2024-01-24,eastgate,1269.51,1
2024-01-25,eastgate,1394.43,1
2024-01-26,eastgate,1401.17,1
2024-01-27,eastgate,1391.74,0
2024-01-28,eastgate,1467.88,0
2024-01-29,eastgate,0.0,0
2024-01-30,eastgate,1252.28,0
2024-01-31,eastgate,1084.88,0
2024-02-01,eastgate,1201.57,0
2024-02-02,eastgate,1367.53,0
2024-02-03,eastgate,1509.93,0
2024-02-04,eastgate,1667.25,0
2024-02-05,eastgate,0.0,1
2024-02-06,eastgate,1281.54,1
2024-02-07,eastgate,1324.73,1
2024-02-08,eastgate,1276.23,0
2024-02-09,eastgate,1366.99,0
2024-02-10,eastgate,1492.35,0
2024-02-11,eastgate,1366.23,0
2024-02-12,eastgate,0.0,0
2024-02-13,eastgate,1128.07,0
2024-02-14,eastgate,1353.11,0
2024-02-15,eastgate,1541.52,0
2024-02-16,eastgate,1385.06,0
2024-02-17,eastgate,1581.47,0
2024-02-18,eastgate,1462.61,0
2024-02-19,eastgate,0.0,0
2024-02-20,eastgate,1204.56,0
2024-02-21,eastgate,1163.64,0
2024-02-22,eastgate,1135.5,0
2024-02-23,eastgate,1558.46,0
2024-02-24,eastgate,1569.1,0
2024-02-25,eastgate,1584.49,0
2024-02-26,eastgate,0.0,0
2024-02-27,eastgate,1260.36,0
2024-02-28,eastgate,1374.59,0
2024-02-29,eastgate,1277.3,0
2024-03-01,eastgate,1440.8,0
2024-03-02,eastgate,1530.41,0
2024-03-03,eastgate,1515.39,0
2024-03-04,eastgate,0.0,0
2024-03-05,eastgate,1109.97,0
2024-03-06,eastgate,1263.52,0
2024-03-07,eastgate,1295.03,0
2024-03-08,eastgate,1265.55,0
2024-03-09,eastgate,1558.44,0
2024-03-10,eastgate,1569.68,0
2024-03-11,eastgate,0.0,0
2024-03-12,eastgate,1207.49,0
2024-03-13,eastgate,1333.9,0
2024-03-14,eastgate,1332.31,0
2024-03-15,eastgate,1282.21,0
2024-03-16,eastgate,1585.45,0
2024-03-17,eastgate,1691.86,0
2024-03-18,eastgate,0.0,0
2024-03-19,eastgate,1286.02,0
2024-03-20,eastgate,1250.59,0
2024-03-21,eastgate,1235.51,0
2024-03-22,eastgate,1448.69,0
2024-03-23,eastgate,1590.02,0
2024-03-24,eastgate,1642.4,0
2024-03-25,eastgate,0.0,0
2024-03-26,eastgate,1376.18,0
2024-03-27,eastgate,1303.08,0
2024-03-28,eastgate,1371.89,0
2024-03-29,eastgate,1490.75,0
2024-03-30,eastgate,1472.44,0
2024-03-31,eastgate,1365.14,0
2024-04-01,eastgate,0.0,0
2024-04-02,eastgate,1316.04,0
2024-04-03,eastgate,1134.64,0
2024-04-04,eastgate,1222.46,0
2024-04-05,eastgate,1475.12,0
2024-04-06,eastgate,1526.52,0
2024-04-07,eastgate,1499.3,0
2024-04-08,eastgate,0.0,0
2024-04-09,eastgate,1188.94,0
2024-04-10,eastgate,1210.63,0
2024-04-11,eastgate,1305.03,0
2024-04-12,eastgate,1427.58,0
2024-04-13,eastgate,1611.12,0
2024-04-14,eastgate,1959.9,1
2024-04-15,eastgate,0.0,1
2024-04-16,eastgate,1567.18,1
2024-04-17,eastgate,1254.74,0
2024-04-18,eastgate,1284.51,0
2024-04-19,eastgate,1390.97,0
2024-04-20,eastgate,1569.91,0
2024-04-21,eastgate,1635.77,0
2024-04-22,eastgate,0.0,0
2024-04-23,eastgate,1278.19,0
2024-04-24,eastgate,1198.09,0
2024-04-25,eastgate,1278.61,0
2024-04-26,eastgate,1370.04,0
2024-04-27,eastgate,1559.52,0
2024-04-28,eastgate,1812.43,0
2024-04-29,eastgate,0.0,0
2024-04-30,eastgate,1308.43,0
2024-05-01,eastgate,1372.45,0
2024-05-02,eastgate,1275.23,0
2024-05-03,eastgate,1628.06,0
2024-05-04,eastgate,1486.89,0
2024-05-05,eastgate,1566.25,0
2024-05-06,eastgate,0.0,0
2024-05-07,eastgate,1228.87,0
2024-05-08,eastgate,1284.66,0
2024-05-09,eastgate,1584.37,1
2024-05-10,eastgate,1643.77,1
2024-05-11,eastgate,1974.98,1
2024-05-12,eastgate,1511.19,0
2024-05-13,eastgate,0.0,0
2024-05-14,eastgate,1538.9,0
2024-05-15,eastgate,1293.42,0
2024-05-16,eastgate,1189.13,0
2024-05-17,eastgate,1286.02,0
2024-05-18,eastgate,1413.51,0
2024-05-19,eastgate,1626.65,0
2024-05-20,eastgate,0.0,0
2024-05-21,eastgate,1263.97,0
2024-05-22,eastgate,1245.43,0
2024-05-23,eastgate,1321.35,0
2024-05-24,eastgate,1267.19,0
2024-05-25,eastgate,1394.96,0
2024-05-26,eastgate,1537.14,0
2024-05-27,eastgate,0.0,0
2024-05-28,eastgate,1279.63,0
2024-05-29,eastgate,1174.09,0
2024-05-30,eastgate,1312.05,0
2024-05-31,eastgate,1273.17,0
2024-06-01,eastgate,1449.77,0
2024-06-02,eastgate,1403.91,0
2024-06-03,eastgate,0.0,0
2024-06-04,eastgate,1304.7,0
2024-06-05,eastgate,1301.25,0
2024-06-06,eastgate,1364.71,0
2024-06-07,eastgate,1656.54,0
2024-06-08,eastgate,1321.32,0
2024-06-09,eastgate,1420.18,0
2024-06-10,eastgate,0.0,0
2024-06-11,eastgate,1162.15,0
2024-06-12,eastgate,1141.63,0
2024-06-13,eastgate,1209.17,0
2024-06-14,eastgate,1217.98,0
2024-06-15,eastgate,1531.47,0
2024-06-16,eastgate,1497.68,0
2024-06-17,eastgate,0.0,0
2024-06-18,eastgate,1507.85,1
2024-06-19,eastgate,1243.73,1
2024-06-20,eastgate,1407.76,1
2024-06-21,eastgate,1551.36,0
2024-06-22,eastgate,1506.55,0
2024-06-23,eastgate,1285.35,0
2024-06-24,eastgate,0.0,0
2024-06-25,eastgate,1068.6,0
2024-06-26,eastgate,1217.17,0
2024-06-27,eastgate,1202.49,0
2024-06-28,eastgate,1263.2,0
2024-06-29,eastgate,1701.56,0
2024-06-30,eastgate,1522.25,0
2024-07-01,eastgate,0.0,0
2024-07-02,eastgate,1122.12,0
2024-07-03,eastgate,1114.63,0
2024-07-04,eastgate,986.33,0
2024-07-05,eastgate,1310.52,0
2024-07-06,eastgate,1259.29,0
2024-07-07,eastgate,1426.24,0
2024-07-08,eastgate,0.0,0
2024-07-09,eastgate,1173.3,0
2024-07-10,eastgate,1121.0,0
2024-07-11,eastgate,1143.63,0
2024-07-12,eastgate,1268.74,0
2024-07-13,eastgate,1450.1,0
2024-07-14,eastgate,1507.24,0
2024-07-15,eastgate,0.0,1
2024-07-16,eastgate,1375.27,1
2024-07-17,eastgate,1359.81,1
2024-07-18,eastgate,1233.61,0
2024-07-19,eastgate,1351.51,0
2024-07-20,eastgate,1402.25,0
2024-07-21,eastgate,1539.94,0
2024-07-22,eastgate,0.0,0
2024-07-23,eastgate,1327.18,0
2024-07-24,eastgate,1379.97,0
2024-07-25,eastgate,1134.75,0
2024-07-26,eastgate,1312.97,0
2024-07-27,eastgate,1475.24,0
2024-07-28,eastgate,1467.93,0
2024-07-29,eastgate,0.0,0
2024-07-30,eastgate,1100.79,0
2024-07-31,eastgate,1243.58,0
2024-08-01,eastgate,1170.11,0
2024-08-02,eastgate,1352.41,0
2024-08-03,eastgate,1423.82,0
2024-08-04,eastgate,1396.9,0
2024-08-05,eastgate,0.0,0
2024-08-06,eastgate,1277.79,0
2024-08-07,eastgate,1324.58,0
2024-08-08,eastgate,1499.9,0
2024-08-09,eastgate,1409.16,0
2024-08-10,eastgate,1609.56,0
2024-08-11,eastgate,1436.82,0
2024-08-12,eastgate,0.0,0
2024-08-13,eastgate,1460.06,0
2024-08-14,eastgate,1214.04,0
2024-08-15,eastgate,1207.19,0
2024-08-16,eastgate,1410.45,0
2024-08-17,eastgate,1579.23,0
2024-08-18,eastgate,1490.53,0
2024-08-19,eastgate,0.0,0
2024-08-20,eastgate,1454.08,0
2024-08-21,eastgate,1251.8,0
2024-08-22,eastgate,1201.16,0
2024-08-23,eastgate,1549.87,0
2024-08-24,eastgate,1683.18,0
2024-08-25,eastgate,1552.36,0
2024-08-26,eastgate,0.0,0
2024-08-27,eastgate,1277.31,0
2024-08-28,eastgate,1348.33,0
2024-08-29,eastgate,1480.98,0
2024-08-30,eastgate,1359.0,0
2024-08-31,eastgate,1638.89,0
2024-09-01,eastgate,1738.74,0
2024-09-02,eastgate,0.0,0
2024-09-03,eastgate,1482.38,0
2024-09-04,eastgate,1257.95,0
2024-09-05,eastgate,1412.12,0
2024-09-06,eastgate,1518.4,0
2024-09-07,eastgate,1815.08,0
2024-09-08,eastgate,1747.27,0
2024-09-09,eastgate,0.0,0
2024-09-10,eastgate,1311.4,0
2024-09-11,eastgate,1408.06,0
2024-09-12,eastgate,1375.89,0
2024-09-13,eastgate,1565.76,0
2024-09-14,eastgate,1799.07,0
2024-09-15,eastgate,1778.09,0
2024-09-16,eastgate,0.0,0
2024-09-17,eastgate,1226.86,0
2024-09-18,eastgate,1364.22,0
2024-09-19,eastgate,1459.03,0
2024-09-20,eastgate,1663.67,1
2024-09-21,eastgate,2124.62,1
2024-09-22,eastgate,2173.08,1
2024-09-23,eastgate,0.0,0
2024-09-24,eastgate,1133.84,0
2024-09-25,eastgate,1298.6,0
2024-09-26,eastgate,1649.28,0
2024-09-27,eastgate,1486.71,0
2024-09-28,eastgate,1497.99,0
2024-09-29,eastgate,1910.34,0
2024-09-30,eastgate,0.0,0
2024-10-01,eastgate,1568.72,0
2024-10-02,eastgate,1476.73,0
2024-10-03,eastgate,1499.47,0
2024-10-04,eastgate,1610.51,0
2024-10-05,eastgate,1853.24,0
2024-10-06,eastgate,2089.76,0
2024-10-07,eastgate,0.0,0
2024-10-08,eastgate,1297.32,0
2024-10-09,eastgate,1512.72,0
2024-10-10,eastgate,1596.14,0
2024-10-11,eastgate,1734.46,0
2024-10-12,eastgate,1722.36,0
2024-10-13,eastgate,1943.68,0
2024-10-14,eastgate,0.0,0
2024-10-15,eastgate,1790.56,0
2024-10-16,eastgate,1397.68,0
2024-10-17,eastgate,1425.42,0
2024-10-18,eastgate,1565.13,0
2024-10-19,eastgate,1731.94,0
2024-10-20,eastgate,1683.15,0
2024-10-21,eastgate,0.0,0
2024-10-22,eastgate,1443.33,0
2024-10-23,eastgate,1535.12,0
2024-10-24,eastgate,1440.88,0
2024-10-25,eastgate,1869.5,0
2024-10-26,eastgate,1815.71,0
2024-10-27,eastgate,2000.85,0
2024-10-28,eastgate,0.0,0
2024-10-29,eastgate,1600.95,0
2024-10-30,eastgate,1538.44,0
2024-10-31,eastgate,1671.43,0
2024-11-01,eastgate,1637.79,0
2024-11-02,eastgate,1898.7,0
2024-11-03,eastgate,1882.43,0
2024-11-04,eastgate,0.0,0
2024-11-05,eastgate,1563.67,0
2024-11-06,eastgate,1795.53,0
2024-11-07,eastgate,1489.56,0
2024-11-08,eastgate,1695.88,0
2024-11-09,eastgate,2025.32,0
2024-11-10,eastgate,2009.49,0
2024-11-11,eastgate,0.0,0
2024-11-12,eastgate,1277.44,0
2024-11-13,eastgate,1589.26,0
2024-11-14,eastgate,1295.54,0
2024-11-15,eastgate,1846.79,0
2024-11-16,eastgate,2216.46,1
2024-11-17,eastgate,2360.75,1
2024-11-18,eastgate,0.0,1
2024-11-19,eastgate,1367.47,0
2024-11-20,eastgate,1567.82,0
2024-11-21,eastgate,1534.66,0
2024-11-22,eastgate,1602.56,0
2024-11-23,eastgate,1875.98,0
2024-11-24,eastgate,2295.53,0
2024-11-25,eastgate,0.0,0
2024-11-26,eastgate,1669.75,0
2024-11-27,eastgate,2714.42,0
2024-11-28,eastgate,0.0,0
2024-11-29,eastgate,1645.81,0
2024-11-30,eastgate,1604.02,0
2024-12-01,eastgate,1845.81,0
2024-12-02,eastgate,0.0,0
2024-12-03,eastgate,1439.82,0
2024-12-04,eastgate,1528.65,0
2024-12-05,eastgate,1471.19,0
2024-12-06,eastgate,1873.63,0
2024-12-07,eastgate,1984.52,0
2024-12-08,eastgate,1970.51,0
2024-12-09,eastgate,0.0,0
2024-12-10,eastgate,1547.2,0
2024-12-11,eastgate,1574.97,0
2024-12-12,eastgate,1420.03,0
2024-12-13,eastgate,1422.86,0
2024-12-14,eastgate,1899.64,0
2024-12-15,eastgate,1924.72,0
2024-12-16,eastgate,0.0,0
2024-12-17,eastgate,1746.77,0
2024-12-18,eastgate,1746.57,0
2024-12-19,eastgate,1440.54,0
2024-12-20,eastgate,1632.88,0
2024-12-21,eastgate,1947.13,0
2024-12-22,eastgate,2270.74,0
2024-12-23,eastgate,0.0,0
2024-12-24,eastgate,2784.32,0
2024-12-25,eastgate,0.0,0
2024-12-26,eastgate,1451.52,0
2024-12-27,eastgate,1776.64,0
2024-12-28,eastgate,1727.0,0
2024-12-29,eastgate,1841.81,0
2024-12-30,eastgate,0.0,0
2024-12-31,eastgate,1745.06,0
2025-01-01,eastgate,1236.42,0
2025-01-02,eastgate,1289.09,0
2025-01-03,eastgate,1735.43,0
2025-01-04,eastgate,1775.73,0
2025-01-05,eastgate,1876.43,0
2025-01-06,eastgate,0.0,0
2025-01-07,eastgate,1512.87,0
2025-01-08,eastgate,1637.66,0
2025-01-09,eastgate,1375.0,0
2025-01-10,eastgate,1601.61,0
2025-01-11,eastgate,1962.32,0
2025-01-12,eastgate,1779.13,0
2025-01-13,eastgate,0.0,0
2025-01-14,eastgate,1616.61,0
2025-01-15,eastgate,1671.47,0
2025-01-16,eastgate,1530.13,0
2025-01-17,eastgate,1430.26,0
2025-01-18,eastgate,1955.68,0
2025-01-19,eastgate,1930.92,1
2025-01-20,eastgate,0.0,1
2025-01-21,eastgate,1688.1,1
2025-01-22,eastgate,1400.43,0
2025-01-23,eastgate,1476.56,0
2025-01-24,eastgate,1624.4,0
2025-01-25,eastgate,1756.42,0
2025-01-26,eastgate,1924.7,0
2025-01-27,eastgate,0.0,0
2025-01-28,eastgate,1634.75,0
2025-01-29,eastgate,1549.64,0
2025-01-30,eastgate,1438.44,0
2025-01-31,eastgate,1532.36,0
2025-02-01,eastgate,1617.28,0
2025-02-02,eastgate,1868.23,0
2025-02-03,eastgate,0.0,0
2025-02-04,eastgate,1261.55,0
2025-02-05,eastgate,1446.13,0
2025-02-06,eastgate,1405.36,0
2025-02-07,eastgate,1825.37,0
2025-02-08,eastgate,1597.3,0
2025-02-09,eastgate,1626.88,0
2025-02-10,eastgate,0.0,0
2025-02-11,eastgate,1654.22,0
2025-02-12,eastgate,1411.13,0
2025-02-13,eastgate,1421.24,0
2025-02-14,eastgate,1683.32,0
2025-02-15,eastgate,1510.31,0
2025-02-16,eastgate,1561.86,0
2025-02-17,eastgate,0.0,0
2025-02-18,eastgate,1662.44,0
2025-02-19,eastgate,1430.38,0
2025-02-20,eastgate,1486.99,0
2025-02-21,eastgate,2044.67,1
2025-02-22,eastgate,2460.62,1
2025-02-23,eastgate,2009.03,1
2025-02-24,eastgate,0.0,0
2025-02-25,eastgate,1679.4,0
2025-02-26,eastgate,1304.87,0
2025-02-27,eastgate,1577.45,0
2025-02-28,eastgate,1459.05,0
2025-03-01,eastgate,1775.27,0
2025-03-02,eastgate,1727.21,0
2025-03-03,eastgate,0.0,0
2025-03-04,eastgate,1346.08,0
2025-03-05,eastgate,1477.09,0
2025-03-06,eastgate,1556.45,0
2025-03-07,eastgate,1542.44,0
2025-03-08,eastgate,1751.37,0
2025-03-09,eastgate,1815.49,0
2025-03-10,eastgate,0.0,0
2025-03-11,eastgate,1514.54,0
2025-03-12,eastgate,1521.11,0
2025-03-13,eastgate,1736.05,0
2025-03-14,eastgate,1496.97,0
2025-03-15,eastgate,1664.12,0
2025-03-16,eastgate,1821.51,0
2025-03-17,eastgate,0.0,0
2025-03-18,eastgate,1360.58,0
2025-03-19,eastgate,1371.82,0
2025-03-20,eastgate,1470.04,0
2025-03-21,eastgate,1687.82,1
2025-03-22,eastgate,1947.8,1
2025-03-23,eastgate,2018.86,1
2025-03-24,eastgate,0.0,0
2025-03-25,eastgate,1337.75,0
2025-03-26,eastgate,1217.11,0
2025-03-27,eastgate,1208.33,0
2025-03-28,eastgate,1368.65,0
2025-03-29,eastgate,1524.68,0
2025-03-30,eastgate,1660.33,0
2025-03-31,eastgate,0.0,0
2025-04-01,eastgate,1312.55,0
2025-04-02,eastgate,1303.39,0
2025-04-03,eastgate,1334.21,0
2025-04-04,eastgate,1641.96,0
2025-04-05,eastgate,1747.83,0
2025-04-06,eastgate,1662.48,0
2025-04-07,eastgate,0.0,0
2025-04-08,eastgate,1324.14,0
2025-04-09,eastgate,1399.67,0
2025-04-10,eastgate,1424.57,0
2025-04-11,eastgate,1373.51,0
2025-04-12,eastgate,1649.15,0
2025-04-13,eastgate,1410.0,0
2025-04-14,eastgate,0.0,1
2025-04-15,eastgate,1690.34,1
2025-04-16,eastgate,1560.86,1
2025-04-17,eastgate,1545.66,0
2025-04-18,eastgate,1361.49,0
2025-04-19,eastgate,1653.93,0
2025-04-20,eastgate,1620.42,0
2025-04-21,eastgate,0.0,0
2025-04-22,eastgate,1327.48,0
2025-04-23,eastgate,1347.78,0
2025-04-24,eastgate,1422.78,0
2025-04-25,eastgate,1596.66,0
2025-04-26,eastgate,1610.75,0
2025-04-27,eastgate,1710.29,0
2025-04-28,eastgate,0.0,0
2025-04-29,eastgate,1404.5,0
2025-04-30,eastgate,1250.8,0
2025-05-01,eastgate,1435.42,0
2025-05-02,eastgate,1683.97,0
2025-05-03,eastgate,1581.89,0
2025-05-04,eastgate,1352.72,0
2025-05-05,eastgate,0.0,0
2025-05-06,eastgate,1441.89,0
2025-05-07,eastgate,1368.74,0
2025-05-08,eastgate,1336.36,0
2025-05-09,eastgate,1526.21,0
2025-05-10,eastgate,1642.22,0
2025-05-11,eastgate,1733.22,0
2025-05-12,eastgate,0.0,0
2025-05-13,eastgate,1462.44,0
2025-05-14,eastgate,1338.97,0
2025-05-15,eastgate,1393.64,0
2025-05-16,eastgate,1373.01,0
2025-05-17,eastgate,1503.31,0
2025-05-18,eastgate,1785.84,0
2025-05-19,eastgate,0.0,0
2025-05-20,eastgate,1624.84,1
2025-05-21,eastgate,1542.64,1
2025-05-22,eastgate,1461.43,1
2025-05-23,eastgate,1397.77,0
2025-05-24,eastgate,1741.31,0
2025-05-25,eastgate,1628.77,0
2025-05-26,eastgate,0.0,0
2025-05-27,eastgate,1268.64,0
2025-05-28,eastgate,1472.62,0
2025-05-29,eastgate,1266.97,0
2025-05-30,eastgate,1213.95,0
2025-05-31,eastgate,1792.94,0
2025-06-01,eastgate,1636.17,0
2025-06-02,eastgate,0.0,0
2025-06-03,eastgate,1247.69,0
2025-06-04,eastgate,1390.42,0
2025-06-05,eastgate,1230.04,0
2025-06-06,eastgate,1506.85,0
2025-06-07,eastgate,1611.96,0
2025-06-08,eastgate,1858.65,1
2025-06-09,eastgate,0.0,1
2025-06-10,eastgate,1485.95,1
2025-06-11,eastgate,1378.75,0
2025-06-12,eastgate,1193.51,0
2025-06-13,eastgate,1216.66,0
2025-06-14,eastgate,1610.32,0
2025-06-15,eastgate,1610.56,0
2025-06-16,eastgate,0.0,0
2025-06-17,eastgate,1305.76,0
2025-06-18,eastgate,1234.74,0
2025-06-19,eastgate,1098.72,0
2025-06-20,eastgate,1357.51,0
2025-06-21,eastgate,1469.17,0
2025-06-22,eastgate,1486.29,0
2025-06-23,eastgate,0.0,0
2025-06-24,eastgate,1100.36,0
2025-06-25,eastgate,1298.91,0
2025-06-26,eastgate,1101.13,0
2025-06-27,eastgate,1335.51,0
2025-06-28,eastgate,1457.53,0
2025-06-29,eastgate,1285.37,0
2025-06-30,eastgate,0.0,0
2025-07-01,eastgate,1202.76,0
2025-07-02,eastgate,1055.35,0
2025-07-03,eastgate,1313.26,0
2025-07-04,eastgate,1214.06,0
2025-07-05,eastgate,1662.91,0
2025-07-06,eastgate,1525.29,0
2025-07-07,eastgate,0.0,0
2025-07-08,eastgate,1595.22,1
2025-07-09,eastgate,1636.25,1
2025-07-10,eastgate,1568.68,1
2025-07-11,eastgate,1227.79,0
2025-07-12,eastgate,1497.73,0
2025-07-13,eastgate,1524.06,0
2025-07-14,eastgate,0.0,0
2025-07-15,eastgate,1262.11,0
2025-07-16,eastgate,1445.29,0
2025-07-17,eastgate,1279.32,0
2025-07-18,eastgate,1471.89,0
2025-07-19,eastgate,1498.43,0
2025-07-20,eastgate,1471.75,0
2025-07-21,eastgate,0.0,0
2025-07-22,eastgate,1154.18,0
2025-07-23,eastgate,1143.71,0
2025-07-24,eastgate,1354.92,0
2025-07-25,eastgate,1478.6,0
2025-07-26,eastgate,1391.15,0
2025-07-27,eastgate,1615.91,0
2025-07-28,eastgate,0.0,0
2025-07-29,eastgate,1281.89,0
2025-07-30,eastgate,1297.81,0
2025-07-31,eastgate,1355.5,0
2025-08-01,eastgate,1372.04,0
2025-08-02,eastgate,1704.28,0
2025-08-03,eastgate,1575.05,0
2025-08-04,eastgate,0.0,0
2025-08-05,eastgate,1203.81,0
2025-08-06,eastgate,1784.61,1
2025-08-07,eastgate,1578.29,1
2025-08-08,eastgate,1742.52,1
2025-08-09,eastgate,1395.36,0
2025-08-10,eastgate,1485.56,0
2025-08-11,eastgate,0.0,0
2025-08-12,eastgate,1344.06,0
2025-08-13,eastgate,1143.63,0
2025-08-14,eastgate,1432.04,0
2025-08-15,eastgate,1378.26,0
2025-08-16,eastgate,1794.0,0
2025-08-17,eastgate,1608.43,0
2025-08-18,eastgate,0.0,0
2025-08-19,eastgate,1470.93,0
2025-08-20,eastgate,1262.58,0
2025-08-21,eastgate,1257.24,0
2025-08-22,eastgate,1445.46,0
2025-08-23,eastgate,1753.5,0
2025-08-24,eastgate,1495.45,0
2025-08-25,eastgate,0.0,0
2025-08-26,eastgate,1460.12,0
2025-08-27,eastgate,1315.18,0
2025-08-28,eastgate,1339.34,0
2025-08-29,eastgate,1299.04,0
2025-08-30,eastgate,1593.46,0
2025-08-31,eastgate,1679.49,0
2025-09-01,eastgate,0.0,0
2025-09-02,eastgate,1316.42,0
2025-09-03,eastgate,1582.74,0
2025-09-04,eastgate,1330.53,0
2025-09-05,eastgate,1440.05,0
2025-09-06,eastgate,1909.56,0
2025-09-07,eastgate,2044.02,1
2025-09-08,eastgate,0.0,1
2025-09-09,eastgate,1649.85,1
2025-09-10,eastgate,1568.61,0
2025-09-11,eastgate,1584.97,0
2025-09-12,eastgate,1445.1,0
2025-09-13,eastgate,1719.06,0
2025-09-14,eastgate,1739.44,0
2025-09-15,eastgate,0.0,0
2025-09-16,eastgate,1427.13,0
2025-09-17,eastgate,1436.27,0
2025-09-18,eastgate,1566.7,0
2025-09-19,eastgate,1703.63,0
2025-09-20,eastgate,1703.97,0
2025-09-21,eastgate,1721.81,0
2025-09-22,eastgate,0.0,0
2025-09-23,eastgate,1388.79,0
2025-09-24,eastgate,1519.25,0
2025-09-25,eastgate,1446.6,0
2025-09-26,eastgate,1464.91,0
2025-09-27,eastgate,1645.62,0
2025-09-28,eastgate,1974.11,0
2025-09-29,eastgate,0.0,0
2025-09-30,eastgate,1660.94,0
2025-10-01,eastgate,1415.55,0
2025-10-02,eastgate,1506.14,0
2025-10-03,eastgate,1907.47,0
2025-10-04,eastgate,1652.57,0
2025-10-05,eastgate,1554.16,0
2025-10-06,eastgate,0.0,0
2025-10-07,eastgate,1396.37,0
2025-10-08,eastgate,1485.77,0
2025-10-09,eastgate,1426.36,0
2025-10-10,eastgate,1644.96,0
2025-10-11,eastgate,1684.61,0
2025-10-12,eastgate,1787.59,0
2025-10-13,eastgate,0.0,0
2025-10-14,eastgate,1392.59,0
2025-10-15,eastgate,1427.29,0
2025-10-16,eastgate,1467.73,0
2025-10-17,eastgate,1463.8,0
2025-10-18,eastgate,1771.13,0
2025-10-19,eastgate,1847.16,0
2025-10-20,eastgate,0.0,0
2025-10-21,eastgate,1486.74,0
2025-10-22,eastgate,1517.14,0
2025-10-23,eastgate,1448.46,0
2025-10-24,eastgate,1732.94,0
2025-10-25,eastgate,2055.82,0
2025-10-26,eastgate,1785.06,0
2025-10-27,eastgate,0.0,0
2025-10-28,eastgate,1504.18,0
2025-10-29,eastgate,1575.98,0
2025-10-30,eastgate,1726.55,0
2025-10-31,eastgate,1724.63,0
2025-11-01,eastgate,1630.2,0
2025-11-02,eastgate,1928.85,0
2025-11-03,eastgate,0.0,0
2025-11-04,eastgate,1518.77,0
2025-11-05,eastgate,1665.79,0
2025-11-06,eastgate,1469.53,0
2025-11-07,eastgate,1496.77,0
2025-11-08,eastgate,1896.49,0
2025-11-09,eastgate,1646.57,0
2025-11-10,eastgate,0.0,0
2025-11-11,eastgate,1404.7,0
2025-11-12,eastgate,1349.15,0
2025-11-13,eastgate,1415.75,0
2025-11-14,eastgate,1559.05,0
2025-11-15,eastgate,1879.98,0
2025-11-16,eastgate,1839.38,0
2025-11-17,eastgate,0.0,0
2025-11-18,eastgate,1681.08,0
2025-11-19,eastgate,1625.44,0
2025-11-20,eastgate,1584.56,0
2025-11-21,eastgate,1744.66,0
2025-11-22,eastgate,1780.29,0
2025-11-23,eastgate,2026.66,0
2025-11-24,eastgate,0.0,1
2025-11-25,eastgate,1975.69,1
2025-11-26,eastgate,3348.79,1
2025-11-27,eastgate,0.0,0
2025-11-28,eastgate,1679.02,0
2025-11-29,eastgate,1965.27,0
2025-11-30,eastgate,1539.54,0
2025-12-01,eastgate,0.0,0
2025-12-02,eastgate,1565.0,0
2025-12-03,eastgate,1573.04,0
2025-12-04,eastgate,1665.6,0
2025-12-05,eastgate,1697.08,0
2025-12-06,eastgate,1755.92,0
2025-12-07,eastgate,1893.1,0
2025-12-08,eastgate,0.0,0
2025-12-09,eastgate,1595.77,0
2025-12-10,eastgate,1601.77,0
2025-12-11,eastgate,2019.07,1
2025-12-12,eastgate,1859.61,1
2025-12-13,eastgate,2290.58,1
2025-12-14,eastgate,2110.61,0
2025-12-15,eastgate,0.0,0
2025-12-16,eastgate,1605.2,0
2025-12-17,eastgate,1515.75,0
2025-12-18,eastgate,1540.38,0
2025-12-19,eastgate,1598.26,0
2025-12-20,eastgate,1892.09,0
2025-12-21,eastgate,2199.93,0
2025-12-22,eastgate,0.0,0
2025-12-23,eastgate,1450.31,0
2025-12-24,eastgate,2369.03,0
2025-12-25,eastgate,0.0,0
2025-12-26,eastgate,1650.8,0
2025-12-27,eastgate,1910.65,0
2025-12-28,eastgate,1856.89,0
2025-12-29,eastgate,0.0,0
2025-12-30,eastgate,1553.13,0
2025-12-31,eastgate,1900.17,0
2026-01-01,eastgate,1437.72,0
2026-01-02,eastgate,1599.52,0
2026-01-03,eastgate,2004.68,0
2026-01-04,eastgate,1793.39,0
2026-01-05,eastgate,0.0,0
2026-01-06,eastgate,1701.23,0
2026-01-07,eastgate,1718.37,0
2026-01-08,eastgate,1702.8,0
2026-01-09,eastgate,1640.45,0
2026-01-10,eastgate,1879.05,0
2026-01-11,eastgate,2011.51,0
2026-01-12,eastgate,0.0,0
2026-01-13,eastgate,1523.77,0
2026-01-14,eastgate,1389.0,0
2026-01-15,eastgate,1580.65,0
2026-01-16,eastgate,1833.89,0
2026-01-17,eastgate,1730.8,0
2026-01-18,eastgate,1984.8,0
2026-01-19,eastgate,0.0,0
2026-01-20,eastgate,1651.35,0
2026-01-21,eastgate,1665.07,0
2026-01-22,eastgate,1479.19,0
2026-01-23,eastgate,1489.38,0
2026-01-24,eastgate,1808.23,0
2026-01-25,eastgate,2009.91,0
2026-01-26,eastgate,0.0,0
2026-01-27,eastgate,1472.2,0
2026-01-28,eastgate,1351.47,0
2026-01-29,eastgate,1765.08,0
2026-01-30,eastgate,1776.38,0
2026-01-31,eastgate,1979.74,0
2026-02-01,eastgate,2007.12,0
2026-02-02,eastgate,0.0,0
2026-02-03,eastgate,1511.2,0
2026-02-04,eastgate,1518.59,0
2026-02-05,eastgate,1487.08,0
2026-02-06,eastgate,2018.27,0
2026-02-07,eastgate,1932.41,0
2026-02-08,eastgate,2109.73,1
2026-02-09,eastgate,0.0,1
2026-02-10,eastgate,1669.25,1
2026-02-11,eastgate,1706.11,0
2026-02-12,eastgate,1448.44,0
2026-02-13,eastgate,1704.51,0
2026-02-14,eastgate,1989.65,0
2026-02-15,eastgate,1887.98,0
2026-02-16,eastgate,0.0,0
2026-02-17,eastgate,1512.96,0
2026-02-18,eastgate,1503.23,0
2026-02-19,eastgate,1443.64,0
2026-02-20,eastgate,1571.82,0
2026-02-21,eastgate,2032.2,0
2026-02-22,eastgate,1801.36,0
2026-02-23,eastgate,0.0,0
2026-02-24,eastgate,1439.61,0
2026-02-25,eastgate,1622.74,0
2026-02-26,eastgate,1569.47,0
2026-02-27,eastgate,1677.87,0
2026-02-28,eastgate,1765.27,0
2026-03-01,eastgate,1875.86,0
2026-03-02,eastgate,0.0,0
2026-03-03,eastgate,1451.85,0
2026-03-04,eastgate,1589.58,0
2026-03-05,eastgate,1575.72,0
2026-03-06,eastgate,1478.25,0
2026-03-07,eastgate,1669.28,0
2026-03-08,eastgate,1791.57,0
2026-03-09,eastgate,0.0,0
2026-03-10,eastgate,1267.95,0
2026-03-11,eastgate,1492.28,0
2026-03-12,eastgate,1315.98,0
2026-03-13,eastgate,1500.09,0
2026-03-14,eastgate,1712.2,0
2026-03-15,eastgate,1702.19,0
2026-03-16,eastgate,0.0,0
2026-03-17,eastgate,1447.8,0
2026-03-18,eastgate,1387.77,0
2026-03-19,eastgate,1292.38,0
2026-03-20,eastgate,1648.64,0
2026-03-21,eastgate,1840.27,0
2026-03-22,eastgate,1849.67,0
2026-03-23,eastgate,0.0,0
2026-03-24,eastgate,1725.88,1
2026-03-25,eastgate,1772.41,1
2026-03-26,eastgate,1556.79,1
2026-03-27,eastgate,1537.92,0
2026-03-28,eastgate,1704.06,0
2026-03-29,eastgate,1970.38,0
2026-03-30,eastgate,0.0,0
2026-03-31,eastgate,1247.69,0
2026-04-01,eastgate,1701.51,0
2026-04-02,eastgate,1315.45,0
2026-04-03,eastgate,1635.07,0
2026-04-04,eastgate,1827.49,0
2026-04-05,eastgate,1574.35,0
2026-04-06,eastgate,0.0,0
2026-04-07,eastgate,1386.24,0
2026-04-08,eastgate,1454.44,0
2026-04-09,eastgate,1417.29,0
2026-04-10,eastgate,1643.02,0
2026-04-11,eastgate,1689.69,0
2026-04-12,eastgate,1656.53,0
2026-04-13,eastgate,0.0,0
2026-04-14,eastgate,1443.56,0
2026-04-15,eastgate,1457.8,0
2026-04-16,eastgate,1310.85,0
2026-04-17,eastgate,1373.79,0
2026-04-18,eastgate,1592.88,0
2026-04-19,eastgate,1584.19,0
2026-04-20,eastgate,0.0,0
2026-04-21,eastgate,1471.5,0
2026-04-22,eastgate,1592.85,1
2026-04-23,eastgate,1791.5,1
2026-04-24,eastgate,1923.07,1
2026-04-25,eastgate,1675.8,0
2026-04-26,eastgate,1545.0,0
2026-04-27,eastgate,0.0,0
2026-04-28,eastgate,1348.2,0
2026-04-29,eastgate,1365.46,0
2026-04-30,eastgate,1316.87,0
2026-05-01,eastgate,1362.98,0
2026-05-02,eastgate,1460.32,0
2026-05-03,eastgate,1707.5,0
2026-05-04,eastgate,0.0,0
2026-05-05,eastgate,1688.76,0
2026-05-06,eastgate,1236.03,0
2026-05-07,eastgate,1218.84,0
2026-05-08,eastgate,1501.25,0
2026-05-09,eastgate,1813.55,0
2026-05-10,eastgate,1623.12,0
2026-05-11,eastgate,0.0,0
2026-05-12,eastgate,1160.11,0
2026-05-13,eastgate,1264.85,0
2026-05-14,eastgate,1226.61,0
2026-05-15,eastgate,1244.39,0
2026-05-16,eastgate,1619.74,0
2026-05-17,eastgate,1355.75,0
2026-05-18,eastgate,0.0,0
2026-05-19,eastgate,1271.1,0
2026-05-20,eastgate,1242.31,0
2026-05-21,eastgate,1361.0,0
2026-05-22,eastgate,1721.29,1
2026-05-23,eastgate,2013.86,1
2026-05-24,eastgate,1991.07,1
2026-05-25,eastgate,0.0,0
2026-05-26,eastgate,1315.83,0
2026-05-27,eastgate,1345.33,0
2026-05-28,eastgate,1365.51,0
2026-05-29,eastgate,1433.38,0
2026-05-30,eastgate,1541.23,0
2026-05-31,eastgate,1547.65,0
2026-06-01,eastgate,0.0,0
2026-06-02,eastgate,1351.57,0
2026-06-03,eastgate,1299.38,0
2026-06-04,eastgate,1244.18,0
2026-06-05,eastgate,1342.83,0
2026-06-06,eastgate,1442.78,0
2026-06-07,eastgate,1698.92,0
2026-06-08,eastgate,0.0,0
2026-06-09,eastgate,1220.93,0
2026-06-10,eastgate,1382.78,0
2026-06-11,eastgate,1246.71,0
2026-06-12,eastgate,1262.46,0
2026-06-13,eastgate,1695.19,0
2026-06-14,eastgate,1506.61,0
2026-06-15,eastgate,0.0,0
2026-06-16,eastgate,1297.35,0
2026-06-17,eastgate,1407.32,0
2026-06-18,eastgate,1292.01,0
2026-06-19,eastgate,1042.8,0
2026-06-20,eastgate,1621.43,0
2026-06-21,eastgate,1768.55,1
2026-06-22,eastgate,0.0,1
2026-06-23,eastgate,1510.83,1
2026-06-24,eastgate,1081.04,0
2026-06-25,eastgate,1310.79,0
2026-06-26,eastgate,1591.81,0
2026-06-27,eastgate,1731.65,0
2026-06-28,eastgate,1761.87,0
2026-06-29,eastgate,0.0,0
2026-06-30,eastgate,1354.13,0
2026-07-01,eastgate,1195.74,0
2026-07-02,eastgate,1281.36,0
2026-07-03,eastgate,1012.45,0
2026-07-04,eastgate,1187.03,0
2026-07-05,eastgate,1441.79,0
2026-07-06,eastgate,0.0,0
2026-07-07,eastgate,1327.16,0
2026-07-08,eastgate,1274.35,0
2026-07-09,eastgate,1126.62,0
2026-07-10,eastgate,1314.01,0
2026-07-11,eastgate,1423.79,0
2026-07-12,eastgate,1606.19,0
2026-07-13,eastgate,0.0,0
2026-07-14,eastgate,1345.27,0
2026-07-15,eastgate,1174.37,0
2026-07-16,eastgate,1012.23,0
2026-07-17,eastgate,1176.52,0
2026-07-18,eastgate,1675.5,0
2026-07-19,eastgate,1462.86,0
2026-07-20,eastgate,0.0,0
2026-07-21,eastgate,1413.14,0
2026-07-22,eastgate,1376.1,0
2026-07-23,eastgate,1256.31,0
2026-07-24,eastgate,1327.79,0
2026-07-25,eastgate,1509.39,0
2026-07-26,eastgate,1554.72,0
2026-07-27,eastgate,0.0,0
2026-07-28,eastgate,1311.48,0
2026-07-29,eastgate,1345.94,0
2026-07-30,eastgate,1396.05,0
2026-07-31,eastgate,1269.5,0
2026-08-01,eastgate,1648.98,0
2026-08-02,eastgate,1529.71,0
2026-08-03,eastgate,0.0,0
2026-08-04,eastgate,1110.02,0
2026-08-05,eastgate,1210.97,0
2026-08-06,eastgate,1365.36,0
2026-08-07,eastgate,1434.58,0
2026-08-08,eastgate,1621.93,0
2026-08-09,eastgate,1858.7,0
2026-08-10,eastgate,0.0,0
2026-08-11,eastgate,1334.14,0
2026-08-12,eastgate,1619.82,1
2026-08-13,eastgate,1503.54,1
2026-08-14,eastgate,1725.68,1
2026-08-15,eastgate,1455.08,0
2026-08-16,eastgate,1829.66,0
2026-08-17,eastgate,0.0,0
2026-08-18,eastgate,1594.47,0
2026-08-19,eastgate,1370.02,0
2026-08-20,eastgate,1487.9,0
2026-08-21,eastgate,1486.07,0
2026-08-22,eastgate,1672.49,0
2026-08-23,eastgate,1608.92,0
2026-08-24,eastgate,0.0,0
2026-08-25,eastgate,1430.26,0
2026-08-26,eastgate,1320.11,0
2026-08-27,eastgate,1390.43,0
2026-08-28,eastgate,1451.48,0
2026-08-29,eastgate,2027.52,0
2026-08-30,eastgate,1698.74,0
2026-08-31,eastgate,0.0,0
2026-09-01,eastgate,1398.97,0
2026-09-02,eastgate,1450.62,0
2026-09-03,eastgate,1291.16,0
2026-09-04,eastgate,1492.03,0
2026-09-05,eastgate,1759.71,0
2026-09-06,eastgate,1954.85,0
2026-09-07,eastgate,0.0,0
2026-09-08,eastgate,1597.51,0
2026-09-09,eastgate,1513.84,0
2026-09-10,eastgate,1633.23,0
2026-09-11,eastgate,1557.26,0
2026-09-12,eastgate,2100.45,0
2026-09-13,eastgate,1696.12,0
2026-09-14,eastgate,0.0,0
2026-09-15,eastgate,1332.49,0
2026-09-16,eastgate,1740.99,0
2026-09-17,eastgate,1557.22,0
2026-09-18,eastgate,1545.19,0
2026-09-19,eastgate,1952.93,0
2026-09-20,eastgate,1875.76,0
2026-09-21,eastgate,0.0,0
2026-09-22,eastgate,1315.57,0
2026-09-23,eastgate,1450.94,0
2026-09-24,eastgate,1432.14,0
2026-09-25,eastgate,1383.38,0
2026-09-26,eastgate,1949.3,0
2026-09-27,eastgate,1767.18,0
2026-09-28,eastgate,0.0,0
2026-09-29,eastgate,1785.04,0
2026-09-30,eastgate,1458.86,0
2025-03-14,north-hill,724.4,0
2025-03-15,north-hill,1168.15,0
2025-03-16,north-hill,1304.79,0
2025-03-17,north-hill,723.36,0
2025-03-18,north-hill,903.74,0
2025-03-19,north-hill,772.01,0
2025-03-20,north-hill,849.83,0
2025-03-21,north-hill,852.14,0
2025-03-22,north-hill,1215.23,0
2025-03-23,north-hill,1327.04,0
2025-03-24,north-hill,763.14,0
2025-03-25,north-hill,801.62,0
2025-03-26,north-hill,816.83,0
2025-03-27,north-hill,821.77,0
2025-03-28,north-hill,1032.18,0
2025-03-29,north-hill,1564.27,0
2025-03-30,north-hill,1498.62,0
2025-03-31,north-hill,707.54,0
2025-04-01,north-hill,1064.63,0
2025-04-02,north-hill,1035.53,0
2025-04-03,north-hill,866.83,0
2025-04-04,north-hill,1035.81,0
2025-04-05,north-hill,1545.67,0
2025-04-06,north-hill,1494.77,0
2025-04-07,north-hill,782.04,0
2025-04-08,north-hill,1057.41,0
2025-04-09,north-hill,866.15,0
2025-04-10,north-hill,1006.28,0
2025-04-11,north-hill,1210.96,0
2025-04-12,north-hill,1762.17,1
2025-04-13,north-hill,1704.79,1
2025-04-14,north-hill,1136.08,1
2025-04-15,north-hill,1132.69,0
2025-04-16,north-hill,1167.49,0
2025-04-17,north-hill,1135.54,0
2025-04-18,north-hill,1251.52,0
2025-04-19,north-hill,1633.13,0
2025-04-20,north-hill,1583.9,0
2025-04-21,north-hill,937.55,0
2025-04-22,north-hill,1068.2,0
2025-04-23,north-hill,996.85,0
2025-04-24,north-hill,1020.2,0
2025-04-25,north-hill,1163.24,0
2025-04-26,north-hill,1618.95,0
2025-04-27,north-hill,1777.56,0
2025-04-28,north-hill,953.12,0
2025-04-29,north-hill,1202.61,0
2025-04-30,north-hill,1213.34,0
2025-05-01,north-hill,1103.14,0
2025-05-02,north-hill,1271.36,0
2025-05-03,north-hill,1596.5,0
2025-05-04,north-hill,1800.51,0
2025-05-05,north-hill,1024.17,0
2025-05-06,north-hill,1041.22,0
2025-05-07,north-hill,1155.34,0
2025-05-08,north-hill,1294.87,0
2025-05-09,north-hill,1222.17,0
2025-05-10,north-hill,1712.36,0
2025-05-11,north-hill,1729.04,0
2025-05-12,north-hill,919.14,0
2025-05-13,north-hill,1202.94,0
2025-05-14,north-hill,1045.07,0
2025-05-15,north-hill,1109.39,0
2025-05-16,north-hill,1364.02,0
2025-05-17,north-hill,2037.49,1
2025-05-18,north-hill,1942.73,1
2025-05-19,north-hill,1229.82,1
2025-05-20,north-hill,1168.9,0
2025-05-21,north-hill,1177.45,0
2025-05-22,north-hill,1237.96,0
2025-05-23,north-hill,1207.28,0
2025-05-24,north-hill,1708.04,0
2025-05-25,north-hill,1666.25,0
2025-05-26,north-hill,742.89,0
2025-05-27,north-hill,1109.11,0
2025-05-28,north-hill,1338.79,0
2025-05-29,north-hill,1226.94,0
2025-05-30,north-hill,1167.47,0
2025-05-31,north-hill,1533.71,0
2025-06-01,north-hill,1709.49,0
2025-06-02,north-hill,1159.01,0
2025-06-03,north-hill,1183.63,0
2025-06-04,north-hill,1325.59,0
2025-06-05,north-hill,1235.41,0
2025-06-06,north-hill,1347.76,0
2025-06-07,north-hill,1570.92,0
2025-06-08,north-hill,1864.8,0
2025-06-09,north-hill,1013.27,0
2025-06-10,north-hill,1290.1,0
2025-06-11,north-hill,1138.49,0
2025-06-12,north-hill,1227.22,0
2025-06-13,north-hill,1343.74,0
2025-06-14,north-hill,1725.86,0
2025-06-15,north-hill,1800.5,0
2025-06-16,north-hill,1022.9,0
2025-06-17,north-hill,1156.08,0
2025-06-18,north-hill,1615.77,1
2025-06-19,north-hill,1270.87,1
2025-06-20,north-hill,1461.37,1
2025-06-21,north-hill,1824.19,0
2025-06-22,north-hill,1653.04,0
2025-06-23,north-hill,954.78,0
2025-06-24,north-hill,1310.73,0
2025-06-25,north-hill,1066.96,0
2025-06-26,north-hill,1299.07,0
2025-06-27,north-hill,1283.5,0
2025-06-28,north-hill,1715.6,0
2025-06-29,north-hill,1796.3,0
2025-06-30,north-hill,1085.96,0
2025-07-01,north-hill,1135.48,0
2025-07-02,north-hill,1274.05,0
2025-07-03,north-hill,1216.81,0
2025-07-04,north-hill,971.84,0
2025-07-05,north-hill,1713.41,0
2025-07-06,north-hill,1923.89,0
2025-07-07,north-hill,1174.27,0
2025-07-08,north-hill,1270.3,0
2025-07-09,north-hill,1100.79,0
2025-07-10,north-hill,1248.7,0
2025-07-11,north-hill,1385.75,0
2025-07-12,north-hill,2160.61,1
2025-07-13,north-hill,2171.38,1
2025-07-14,north-hill,1257.34,1
2025-07-15,north-hill,1200.31,0
2025-07-16,north-hill,1154.38,0
2025-07-17,north-hill,1049.43,0
2025-07-18,north-hill,1342.68,0
2025-07-19,north-hill,1773.07,0
2025-07-20,north-hill,1827.05,0
2025-07-21,north-hill,948.82,0
2025-07-22,north-hill,1283.48,0
2025-07-23,north-hill,1430.62,0
2025-07-24,north-hill,1237.31,0
2025-07-25,north-hill,1326.63,0
2025-07-26,north-hill,1824.98,0
2025-07-27,north-hill,2084.33,0
2025-07-28,north-hill,993.6,0
2025-07-29,north-hill,1271.7,0
2025-07-30,north-hill,1184.38,0
2025-07-31,north-hill,1212.1,0
2025-08-01,north-hill,1364.67,0
2025-08-02,north-hill,2029.37,0
2025-08-03,north-hill,2108.92,0
2025-08-04,north-hill,1143.07,0
2025-08-05,north-hill,1255.06,0
2025-08-06,north-hill,1563.44,0
2025-08-07,north-hill,1261.58,0
2025-08-08,north-hill,1353.97,0
2025-08-09,north-hill,1656.8,0
2025-08-10,north-hill,2110.91,0
2025-08-11,north-hill,1226.2,0
2025-08-12,north-hill,1596.39,0
2025-08-13,north-hill,1204.92,0
2025-08-14,north-hill,1498.0,0
2025-08-15,north-hill,1463.81,0
2025-08-16,north-hill,2070.72,0
2025-08-17,north-hill,1729.33,0
2025-08-18,north-hill,1309.64,0
2025-08-19,north-hill,1452.31,0
2025-08-20,north-hill,1370.07,0
2025-08-21,north-hill,1447.27,0
2025-08-22,north-hill,1410.97,0
2025-08-23,north-hill,1914.12,0
2025-08-24,north-hill,1937.16,0
2025-08-25,north-hill,1045.76,0
2025-08-26,north-hill,1495.2,0
2025-08-27,north-hill,1537.31,0
2025-08-28,north-hill,1337.81,0
2025-08-29,north-hill,1567.71,0
2025-08-30,north-hill,2001.94,0
2025-08-31,north-hill,2098.96,0
2025-09-01,north-hill,959.42,0
2025-09-02,north-hill,1338.24,0
2025-09-03,north-hill,1551.42,0
2025-09-04,north-hill,1430.58,0
2025-09-05,north-hill,1811.34,0
2025-09-06,north-hill,2087.79,0
2025-09-07,north-hill,1945.82,0
2025-09-08,north-hill,1369.13,0
2025-09-09,north-hill,1526.15,0
2025-09-10,north-hill,1540.93,0
2025-09-11,north-hill,1599.32,0
2025-09-12,north-hill,1507.85,0
2025-09-13,north-hill,2096.26,0
2025-09-14,north-hill,2094.26,0
2025-09-15,north-hill,1152.73,0
2025-09-16,north-hill,1451.1,0
2025-09-17,north-hill,1639.91,0
2025-09-18,north-hill,1513.64,0
2025-09-19,north-hill,1455.01,0
2025-09-20,north-hill,1914.09,0
2025-09-21,north-hill,2882.26,1
2025-09-22,north-hill,1512.45,1
2025-09-23,north-hill,1690.49,1
2025-09-24,north-hill,1476.61,0
2025-09-25,north-hill,1352.19,0
2025-09-26,north-hill,1819.26,0
2025-09-27,north-hill,2121.45,0
2025-09-28,north-hill,2426.2,0
2025-09-29,north-hill,1315.69,0
2025-09-30,north-hill,1700.1,0
2025-10-01,north-hill,1560.3,0
2025-10-02,north-hill,1635.2,0
2025-10-03,north-hill,1752.06,0
2025-10-04,north-hill,2324.27,0
2025-10-05,north-hill,2281.55,0
2025-10-06,north-hill,1307.24,0
2025-10-07,north-hill,1789.51,0
2025-10-08,north-hill,1451.1,0
2025-10-09,north-hill,1556.92,0
2025-10-10,north-hill,1686.23,0
2025-10-11,north-hill,2319.29,0
2025-10-12,north-hill,2183.36,0
2025-10-13,north-hill,1132.87,0
2025-10-14,north-hill,1552.28,0
2025-10-15,north-hill,1398.9,0
2025-10-16,north-hill,1579.31,0
2025-10-17,north-hill,1572.4,0
2025-10-18,north-hill,2003.0,0
2025-10-19,north-hill,2309.14,0
2025-10-20,north-hill,1418.49,0
2025-10-21,north-hill,1657.27,0
2025-10-22,north-hill,1665.35,0
2025-10-23,north-hill,1383.14,0
2025-10-24,north-hill,1562.01,0
2025-10-25,north-hill,2679.18,0
2025-10-26,north-hill,2139.78,0
2025-10-27,north-hill,1449.64,0
2025-10-28,north-hill,1531.9,0
2025-10-29,north-hill,1625.3,0
2025-10-30,north-hill,1543.24,0
2025-10-31,north-hill,1825.95,0
2025-11-01,north-hill,2362.08,0
2025-11-02,north-hill,2264.29,0
2025-11-03,north-hill,1294.64,0
2025-11-04,north-hill,1664.38,0
2025-11-05,north-hill,1491.75,0
2025-11-06,north-hill,1689.57,0
2025-11-07,north-hill,2155.12,0
2025-11-08,north-hill,2615.01,0
2025-11-09,north-hill,2497.57,0
2025-11-10,north-hill,1406.31,0
2025-11-11,north-hill,1168.53,0
2025-11-12,north-hill,1494.52,0
2025-11-13,north-hill,1819.44,0
2025-11-14,north-hill,1684.33,0
2025-11-15,north-hill,2264.0,0
2025-11-16,north-hill,2359.43,0
2025-11-17,north-hill,1319.13,0
2025-11-18,north-hill,1516.89,0
2025-11-19,north-hill,1658.77,0
2025-11-20,north-hill,1559.19,0
2025-11-21,north-hill,1704.99,0
2025-11-22,north-hill,2269.02,0
2025-11-23,north-hill,2504.8,0
2025-11-24,north-hill,1415.13,0
2025-11-25,north-hill,1653.84,0
2025-11-26,north-hill,2895.2,0
2025-11-27,north-hill,0.0,0
2025-11-28,north-hill,1778.11,0
2025-11-29,north-hill,2510.1,0
2025-11-30,north-hill,2549.92,0
2025-12-01,north-hill,1433.81,0
2025-12-02,north-hill,1697.39,0
2025-12-03,north-hill,1592.4,0
2025-12-04,north-hill,1584.27,0
2025-12-05,north-hill,1934.99,0
2025-12-06,north-hill,2519.89,0
2025-12-07,north-hill,2523.67,0
2025-12-08,north-hill,1488.63,0
2025-12-09,north-hill,1701.91,0
2025-12-10,north-hill,1788.11,0
2025-12-11,north-hill,1821.52,0
2025-12-12,north-hill,1964.88,0
2025-12-13,north-hill,2429.71,0
2025-12-14,north-hill,2717.97,0
2025-12-15,north-hill,1488.9,0
2025-12-16,north-hill,1785.38,0
2025-12-17,north-hill,1739.87,0
2025-12-18,north-hill,1736.03,0
2025-12-19,north-hill,1742.38,0
2025-12-20,north-hill,2588.52,0
2025-12-21,north-hill,3041.11,0
2025-12-22,north-hill,1426.99,0
2025-12-23,north-hill,1716.2,0
2025-12-24,north-hill,2724.7,0
2025-12-25,north-hill,0.0,0
2025-12-26,north-hill,2071.52,0
2025-12-27,north-hill,2339.27,0
2025-12-28,north-hill,2374.79,0
2025-12-29,north-hill,1304.82,0
2025-12-30,north-hill,1614.83,0
2025-12-31,north-hill,1503.8,0
2026-01-01,north-hill,1469.61,0
2026-01-02,north-hill,2277.36,0
2026-01-03,north-hill,2394.58,0
2026-01-04,north-hill,2172.03,0
2026-01-05,north-hill,1572.46,0
2026-01-06,north-hill,1909.55,1
2026-01-07,north-hill,2222.7,1
2026-01-08,north-hill,1973.84,1
2026-01-09,north-hill,1759.49,0
2026-01-10,north-hill,2426.75,0
2026-01-11,north-hill,2602.62,0
2026-01-12,north-hill,1443.28,0
2026-01-13,north-hill,1644.24,0
2026-01-14,north-hill,1680.9,0
2026-01-15,north-hill,1550.43,0
2026-01-16,north-hill,1897.09,0
2026-01-17,north-hill,2146.54,0
2026-01-18,north-hill,2373.02,0
2026-01-19,north-hill,1271.37,0
2026-01-20,north-hill,1741.43,0
2026-01-21,north-hill,1778.54,0
2026-01-22,north-hill,1692.42,0
2026-01-23,north-hill,2004.15,0
2026-01-24,north-hill,2622.16,0
2026-01-25,north-hill,2528.32,0
2026-01-26,north-hill,1564.58,0
2026-01-27,north-hill,1794.21,0
2026-01-28,north-hill,1640.01,0
2026-01-29,north-hill,1531.48,0
2026-01-30,north-hill,1886.74,0
2026-01-31,north-hill,2537.76,0
2026-02-01,north-hill,2641.67,0
2026-02-02,north-hill,1354.2,0
2026-02-03,north-hill,1577.01,0
2026-02-04,north-hill,1745.86,0
2026-02-05,north-hill,1676.37,0
2026-02-06,north-hill,1578.85,0
2026-02-07,north-hill,2492.1,0
2026-02-08,north-hill,2106.91,0
2026-02-09,north-hill,1345.73,0
2026-02-10,north-hill,1857.35,0
2026-02-11,north-hill,1922.73,0
2026-02-12,north-hill,1529.28,0
2026-02-13,north-hill,1763.5,0
2026-02-14,north-hill,2415.58,0
2026-02-15,north-hill,2749.37,0
2026-02-16,north-hill,1134.19,0
2026-02-17,north-hill,1608.66,0
2026-02-18,north-hill,1870.7,0
2026-02-19,north-hill,1617.73,0
2026-02-20,north-hill,1895.01,0
2026-02-21,north-hill,2140.21,0
2026-02-22,north-hill,2357.92,0
2026-02-23,north-hill,1258.11,0
2026-02-24,north-hill,1529.06,0
2026-02-25,north-hill,1760.58,0
2026-02-26,north-hill,1645.17,0
2026-02-27,north-hill,1739.31,0
2026-02-28,north-hill,2242.98,0
2026-03-01,north-hill,2330.92,0
2026-03-02,north-hill,1445.95,0
2026-03-03,north-hill,1767.48,0
2026-03-04,north-hill,1346.85,0
2026-03-05,north-hill,1538.92,0
2026-03-06,north-hill,1788.11,0
2026-03-07,north-hill,2756.06,1
2026-03-08,north-hill,2858.38,1
2026-03-09,north-hill,1687.72,1
2026-03-10,north-hill,1591.26,0
2026-03-11,north-hill,1563.05,0
2026-03-12,north-hill,1594.41,0
2026-03-13,north-hill,1909.39,0
2026-03-14,north-hill,2208.15,0
2026-03-15,north-hill,2318.89,0
2026-03-16,north-hill,1408.92,0
2026-03-17,north-hill,1814.23,0
2026-03-18,north-hill,1575.93,0
2026-03-19,north-hill,1729.8,0
2026-03-20,north-hill,1904.43,0
2026-03-21,north-hill,2301.16,0
2026-03-22,north-hill,2273.03,0
2026-03-23,north-hill,1343.8,0
2026-03-24,north-hill,1569.16,0
2026-03-25,north-hill,1703.22,0
2026-03-26,north-hill,1623.37,0
2026-03-27,north-hill,1751.58,0
2026-03-28,north-hill,2106.21,0
2026-03-29,north-hill,2128.58,0
2026-03-30,north-hill,1603.27,0
2026-03-31,north-hill,1564.42,0
2026-04-01,north-hill,1494.04,0
2026-04-02,north-hill,1760.64,0
2026-04-03,north-hill,1742.28,0
2026-04-04,north-hill,2799.32,1
2026-04-05,north-hill,2649.65,1
2026-04-06,north-hill,1559.23,1
2026-04-07,north-hill,1551.87,0
2026-04-08,north-hill,1415.19,0
2026-04-09,north-hill,1557.64,0
2026-04-10,north-hill,1729.34,0
2026-04-11,north-hill,2587.83,0
2026-04-12,north-hill,2264.4,0
2026-04-13,north-hill,1126.56,0
2026-04-14,north-hill,1547.83,0
2026-04-15,north-hill,1912.15,0
2026-04-16,north-hill,1659.66,0
2026-04-17,north-hill,1578.8,0
2026-04-18,north-hill,2335.9,0
2026-04-19,north-hill,2111.35,0
2026-04-20,north-hill,1203.1,0
2026-04-21,north-hill,1506.93,0
2026-04-22,north-hill,1555.85,0
2026-04-23,north-hill,1341.41,0
2026-04-24,north-hill,1527.91,0
2026-04-25,north-hill,2220.09,0
2026-04-26,north-hill,2149.39,0
2026-04-27,north-hill,1362.04,0
2026-04-28,north-hill,1402.36,0
2026-04-29,north-hill,1619.14,0
2026-04-30,north-hill,1403.06,0
2026-05-01,north-hill,1871.47,0
2026-05-02,north-hill,1938.0,0
2026-05-03,north-hill,2029.03,0
2026-05-04,north-hill,1355.97,0
2026-05-05,north-hill,1729.89,0
2026-05-06,north-hill,1562.19,0
2026-05-07,north-hill,1590.3,0
2026-05-08,north-hill,1647.49,0
2026-05-09,north-hill,2029.79,0
2026-05-10,north-hill,2111.65,0
2026-05-11,north-hill,1193.88,0
2026-05-12,north-hill,1380.41,0
2026-05-13,north-hill,1564.87,0
2026-05-14,north-hill,1394.93,0
2026-05-15,north-hill,1677.73,0
2026-05-16,north-hill,1979.76,0
2026-05-17,north-hill,2230.7,0
2026-05-18,north-hill,1481.4,1
2026-05-19,north-hill,1984.73,1
2026-05-20,north-hill,1829.07,1
2026-05-21,north-hill,1659.09,0
2026-05-22,north-hill,1542.58,0
2026-05-23,north-hill,2185.03,0
2026-05-24,north-hill,2020.74,0
2026-05-25,north-hill,1032.26,0
2026-05-26,north-hill,1480.0,0
2026-05-27,north-hill,1428.94,0
2026-05-28,north-hill,1376.97,0
2026-05-29,north-hill,1464.75,0
2026-05-30,north-hill,1821.38,0
2026-05-31,north-hill,2004.81,0
2026-06-01,north-hill,1358.08,0
2026-06-02,north-hill,1335.95,0
2026-06-03,north-hill,1358.81,0
2026-06-04,north-hill,1721.54,0
2026-06-05,north-hill,1549.28,0
2026-06-06,north-hill,2218.73,0
2026-06-07,north-hill,2271.99,0
2026-06-08,north-hill,1358.39,0
2026-06-09,north-hill,1581.45,1
2026-06-10,north-hill,1741.44,1
2026-06-11,north-hill,1568.57,1
2026-06-12,north-hill,1946.23,0
2026-06-13,north-hill,1915.31,0
2026-06-14,north-hill,1994.21,0
2026-06-15,north-hill,1190.78,0
2026-06-16,north-hill,1337.03,0
2026-06-17,north-hill,1654.19,0
2026-06-18,north-hill,1790.77,0
2026-06-19,north-hill,1274.85,0
2026-06-20,north-hill,1943.66,0
2026-06-21,north-hill,1812.56,0
2026-06-22,north-hill,1255.55,0
2026-06-23,north-hill,1450.29,0
2026-06-24,north-hill,1412.51,0
2026-06-25,north-hill,1506.06,0
2026-06-26,north-hill,1645.63,0
2026-06-27,north-hill,2179.28,0
2026-06-28,north-hill,2074.31,0
2026-06-29,north-hill,1166.26,0
2026-06-30,north-hill,1546.11,0
2026-07-01,north-hill,1470.07,0
2026-07-02,north-hill,1567.66,0
2026-07-03,north-hill,1376.24,0
2026-07-04,north-hill,1552.45,0
2026-07-05,north-hill,1889.12,0
2026-07-06,north-hill,1185.77,0
2026-07-07,north-hill,1346.65,0
2026-07-08,north-hill,1541.21,0
2026-07-09,north-hill,1763.0,1
2026-07-10,north-hill,2012.65,1
2026-07-11,north-hill,2544.66,1
2026-07-12,north-hill,2125.81,0
2026-07-13,north-hill,1367.5,0
2026-07-14,north-hill,1505.67,0
2026-07-15,north-hill,1461.59,0
2026-07-16,north-hill,1625.96,0
2026-07-17,north-hill,1586.55,0
2026-07-18,north-hill,2052.22,0
2026-07-19,north-hill,1974.49,0
2026-07-20,north-hill,1325.85,0
2026-07-21,north-hill,1607.74,0
2026-07-22,north-hill,1462.88,0
2026-07-23,north-hill,1623.65,0
2026-07-24,north-hill,1374.93,0
2026-07-25,north-hill,2122.32,0
2026-07-26,north-hill,2131.24,0
2026-07-27,north-hill,1212.82,0
2026-07-28,north-hill,1786.92,0
2026-07-29,north-hill,1492.28,0
2026-07-30,north-hill,1459.95,0
2026-07-31,north-hill,1635.13,0
2026-08-01,north-hill,1879.83,0
2026-08-02,north-hill,2071.82,0
2026-08-03,north-hill,1415.94,0
2026-08-04,north-hill,1728.68,1
2026-08-05,north-hill,1710.09,1
2026-08-06,north-hill,2016.02,1
2026-08-07,north-hill,1857.21,0
2026-08-08,north-hill,2337.79,0
2026-08-09,north-hill,2182.48,0
2026-08-10,north-hill,1330.16,0
2026-08-11,north-hill,1488.62,0
2026-08-12,north-hill,1473.4,0
2026-08-13,north-hill,1473.75,0
2026-08-14,north-hill,1649.78,0
2026-08-15,north-hill,2140.17,0
2026-08-16,north-hill,2064.61,0
2026-08-17,north-hill,1414.62,0
2026-08-18,north-hill,1652.66,0
2026-08-19,north-hill,1851.19,0
2026-08-20,north-hill,1555.1,0
2026-08-21,north-hill,1811.48,0
2026-08-22,north-hill,2426.13,0
2026-08-23,north-hill,2332.52,0
2026-08-24,north-hill,1505.94,0
2026-08-25,north-hill,1760.42,0
2026-08-26,north-hill,1707.26,0
2026-08-27,north-hill,1638.88,0
2026-08-28,north-hill,1761.43,0
2026-08-29,north-hill,2183.16,0
2026-08-30,north-hill,2283.23,0
2026-08-31,north-hill,1386.17,0
2026-09-01,north-hill,1556.29,0
2026-09-02,north-hill,1754.41,0
2026-09-03,north-hill,1861.5,0
2026-09-04,north-hill,1721.09,0
2026-09-05,north-hill,2515.4,0
2026-09-06,north-hill,2695.35,1
2026-09-07,north-hill,1397.48,1
2026-09-08,north-hill,1929.75,1
2026-09-09,north-hill,1806.01,0
2026-09-10,north-hill,1644.4,0
2026-09-11,north-hill,2020.63,0
2026-09-12,north-hill,2457.3,0
2026-09-13,north-hill,2389.37,0
2026-09-14,north-hill,1366.88,0
2026-09-15,north-hill,1783.5,0
2026-09-16,north-hill,1875.64,0
2026-09-17,north-hill,1794.12,0
2026-09-18,north-hill,2250.36,0
2026-09-19,north-hill,2830.03,0
2026-09-20,north-hill,2489.72,0
2026-09-21,north-hill,1488.98,0
2026-09-22,north-hill,1840.72,0
2026-09-23,north-hill,1672.35,0
2026-09-24,north-hill,1947.8,0
2026-09-25,north-hill,1984.66,0
2026-09-26,north-hill,2631.02,0
2026-09-27,north-hill,2723.12,0
2026-09-28,north-hill,1761.4,0
2026-09-29,north-hill,1826.94,0
2026-09-30,north-hill,1792.18,0
